ISO-10303-21;
HEADER;
FILE_DESCRIPTION (( 'STEP AP214' ),
    '1' );
FILE_NAME ('2020 T slot profile.STEP',
    '2022-05-02T16:16:11',
    ( '' ),
    ( '' ),
    'SwSTEP 2.0',
    'SolidWorks 2022',
    '' );
FILE_SCHEMA (( 'AUTOMOTIVE_DESIGN' ));
ENDSEC;

DATA;
#1 = DIRECTION ( 'NONE',  ( -1.000000000000000000, 0.000000000000000000, -3.491481338843133355E-15 ) ) ;
#2 = EDGE_LOOP ( 'NONE', ( #526, #2208, #182, #611 ) ) ;
#3 = EDGE_CURVE ( 'NONE', #293, #2583, #1838, .T. ) ;
#4 = CARTESIAN_POINT ( 'NONE',  ( -10.00000000000000178, 100.0000000000000000, 9.999999999999998224 ) ) ;
#5 = ORIENTED_EDGE ( 'NONE', *, *, #353, .T. ) ;
#6 = CARTESIAN_POINT ( 'NONE',  ( -8.200000000000034817, 100.0000000000000000, 3.099999999999913936 ) ) ;
#7 = DIRECTION ( 'NONE',  ( -1.156482317317871725E-15, 0.000000000000000000, -1.000000000000000000 ) ) ;
#8 = DIRECTION ( 'NONE',  ( -1.000000000000000000, -0.000000000000000000, -0.000000000000000000 ) ) ;
#9 = LINE ( 'NONE', #1146, #1228 ) ;
#10 = LINE ( 'NONE', #2801, #2269 ) ;
#11 = CARTESIAN_POINT ( 'NONE',  ( 10.00000000000002132, 0.000000000000000000, -3.599999999999964562 ) ) ;
#12 = EDGE_CURVE ( 'NONE', #828, #877, #2025, .T. ) ;
#13 = EDGE_LOOP ( 'NONE', ( #2382, #1816, #366, #245 ) ) ;
#14 = VECTOR ( 'NONE', #598, 1000.000000000000000 ) ;
#15 = VERTEX_POINT ( 'NONE', #2279 ) ;
#16 = FILL_AREA_STYLE ('',( #2635 ) ) ;
#17 = ORIENTED_EDGE ( 'NONE', *, *, #92, .T. ) ;
#18 = CARTESIAN_POINT ( 'NONE',  ( -3.770799845950584024E-14, 100.0000000000000000, 3.600000000000000089 ) ) ;
#19 = ORIENTED_EDGE ( 'NONE', *, *, #1894, .T. ) ;
#20 = EDGE_CURVE ( 'NONE', #2138, #1788, #2067, .T. ) ;
#21 = DIRECTION ( 'NONE',  ( -0.000000000000000000, 1.000000000000000000, -0.000000000000000000 ) ) ;
#22 =( NAMED_UNIT ( * ) PLANE_ANGLE_UNIT ( ) SI_UNIT ( $, .RADIAN. ) );
#23 = CARTESIAN_POINT ( 'NONE',  ( -9.500000000000030198, 0.000000000000000000, -3.100000000000099121 ) ) ;
#24 = CARTESIAN_POINT ( 'NONE',  ( 5.926971876254110680E-14, 100.0000000000000000, -8.200000000000024158 ) ) ;
#25 = DIRECTION ( 'NONE',  ( 1.000000000000000000, 0.000000000000000000, 1.071949582207983169E-14 ) ) ;
#26 = DIRECTION ( 'NONE',  ( 0.7071067811864463204, 0.000000000000000000, 0.7071067811866487141 ) ) ;
#27 = ORIENTED_EDGE ( 'NONE', *, *, #1164, .T. ) ;
#28 = AXIS2_PLACEMENT_3D ( 'NONE', #23, #2037, #37 ) ;
#29 = ORIENTED_EDGE ( 'NONE', *, *, #1560, .F. ) ;
#30 = ORIENTED_EDGE ( 'NONE', *, *, #209, .T. ) ;
#31 = DIRECTION ( 'NONE',  ( 0.000000000000000000, 0.000000000000000000, 1.000000000000000000 ) ) ;
#32 = ORIENTED_EDGE ( 'NONE', *, *, #1789, .F. ) ;
#33 = PLANE ( 'NONE',  #955 ) ;
#34 = DIRECTION ( 'NONE',  ( -0.000000000000000000, 1.000000000000000000, -0.000000000000000000 ) ) ;
#35 = EDGE_CURVE ( 'NONE', #433, #2291, #2683, .T. ) ;
#36 = AXIS2_PLACEMENT_3D ( 'NONE', #932, #2256, #1343 ) ;
#37 = DIRECTION ( 'NONE',  ( 2.302060843069253146E-13, 0.000000000000000000, -1.000000000000000000 ) ) ;
#38 = CARTESIAN_POINT ( 'NONE',  ( -4.485786437626892109, 0.000000000000000000, -3.425126265847398432 ) ) ;
#39 = EDGE_CURVE ( 'NONE', #2638, #508, #403, .T. ) ;
#40 = DIRECTION ( 'NONE',  ( 0.000000000000000000, 0.000000000000000000, -1.000000000000000000 ) ) ;
#41 = FACE_OUTER_BOUND ( 'NONE', #2273, .T. ) ;
#42 = EDGE_CURVE ( 'NONE', #481, #15, #1878, .T. ) ;
#43 = EDGE_CURVE ( 'NONE', #2798, #99, #1448, .T. ) ;
#44 = VERTEX_POINT ( 'NONE', #577 ) ;
#45 =( GEOMETRIC_REPRESENTATION_CONTEXT ( 3 ) GLOBAL_UNCERTAINTY_ASSIGNED_CONTEXT ( ( #2114 ) ) GLOBAL_UNIT_ASSIGNED_CONTEXT ( ( #53, #22, #2436 ) ) REPRESENTATION_CONTEXT ( 'NONE', 'WORKASPACE' ) );
#46 =( NAMED_UNIT ( * ) PLANE_ANGLE_UNIT ( ) SI_UNIT ( $, .RADIAN. ) );
#47 = ORIENTED_EDGE ( 'NONE', *, *, #289, .F. ) ;
#48 = EDGE_CURVE ( 'NONE', #610, #1777, #1689, .T. ) ;
#49 = CARTESIAN_POINT ( 'NONE',  ( -3.900000000000023004, 0.000000000000000000, 2.010912703474232011 ) ) ;
#50 = ORIENTED_EDGE ( 'NONE', *, *, #1821, .F. ) ;
#51 = ORIENTED_EDGE ( 'NONE', *, *, #1070, .T. ) ;
#52 = DIRECTION ( 'NONE',  ( -1.047444401652940007E-14, -0.000000000000000000, 1.000000000000000000 ) ) ;
#53 =( LENGTH_UNIT ( ) NAMED_UNIT ( * ) SI_UNIT ( .MILLI., .METRE. ) );
#54 = LINE ( 'NONE', #957, #2492 ) ;
#55 = LINE ( 'NONE', #2656, #1959 ) ;
#56 = DIRECTION ( 'NONE',  ( -1.000000000000000000, 0.000000000000000000, -3.469446951953660732E-15 ) ) ;
#57 = DIRECTION ( 'NONE',  ( 1.000000000000000000, 0.000000000000000000, 1.047444401652940007E-14 ) ) ;
#58 = EDGE_CURVE ( 'NONE', #2455, #202, #2797, .T. ) ;
#59 = AXIS2_PLACEMENT_3D ( 'NONE', #1667, #2535, #2315 ) ;
#60 = ORIENTED_EDGE ( 'NONE', *, *, #1450, .T. ) ;
#61 = ADVANCED_FACE ( 'NONE', ( #569 ), #2313, .F. ) ;
#62 = CYLINDRICAL_SURFACE ( 'NONE', #2457, 1.999999999999973133 ) ;
#63 = ORIENTED_EDGE ( 'NONE', *, *, #206, .T. ) ;
#64 = DIRECTION ( 'NONE',  ( 0.000000000000000000, 0.000000000000000000, 1.000000000000000000 ) ) ;
#65 = EDGE_LOOP ( 'NONE', ( #2018, #384, #2783, #2504 ) ) ;
#66 = VECTOR ( 'NONE', #2047, 1000.000000000000000 ) ;
#67 = CARTESIAN_POINT ( 'NONE',  ( 5.500000000000000000, 0.000000000000000000, 8.199999999999985079 ) ) ;
#68 = DIRECTION ( 'NONE',  ( -0.000000000000000000, -0.000000000000000000, 1.000000000000000000 ) ) ;
#69 = CARTESIAN_POINT ( 'NONE',  ( 3.600000000000000977, 0.000000000000000000, -9.700000000000001066 ) ) ;
#70 = DIRECTION ( 'NONE',  ( 2.092571962738665649E-13, 0.000000000000000000, 1.000000000000000000 ) ) ;
#71 = LINE ( 'NONE', #919, #1497 ) ;
#72 = DIRECTION ( 'NONE',  ( 2.162401589515528064E-13, 0.000000000000000000, 1.000000000000000000 ) ) ;
#73 = ORIENTED_EDGE ( 'NONE', *, *, #1483, .T. ) ;
#74 = ORIENTED_EDGE ( 'NONE', *, *, #1769, .F. ) ;
#75 = LINE ( 'NONE', #2503, #1227 ) ;
#76 = ORIENTED_EDGE ( 'NONE', *, *, #1073, .T. ) ;
#77 = CARTESIAN_POINT ( 'NONE',  ( 6.560660171779045591, 0.000000000000000000, 5.500000000000022204 ) ) ;
#78 = EDGE_CURVE ( 'NONE', #2083, #1251, #745, .T. ) ;
#79 = CARTESIAN_POINT ( 'NONE',  ( -3.600000000000000089, 100.0000000000000000, 9.999999999999998224 ) ) ;
#80 = LINE ( 'NONE', #483, #212 ) ;
#81 = ORIENTED_EDGE ( 'NONE', *, *, #562, .F. ) ;
#82 = CARTESIAN_POINT ( 'NONE',  ( -8.199999999999969091, 0.000000000000000000, -3.100000000000085798 ) ) ;
#83 = FACE_OUTER_BOUND ( 'NONE', #1321, .T. ) ;
#84 = VECTOR ( 'NONE', #1085, 1000.000000000000000 ) ;
#85 = ORIENTED_EDGE ( 'NONE', *, *, #2628, .T. ) ;
#86 = AXIS2_PLACEMENT_3D ( 'NONE', #2017, #909, #938 ) ;
#87 = VECTOR ( 'NONE', #2087, 1000.000000000000000 ) ;
#88 = ADVANCED_FACE ( 'NONE', ( #2103 ), #1277, .F. ) ;
#89 = CARTESIAN_POINT ( 'NONE',  ( -10.00000000000000178, 100.0000000000000000, 9.999999999999998224 ) ) ;
#90 = VECTOR ( 'NONE', #1738, 1000.000000000000000 ) ;
#91 = ORIENTED_EDGE ( 'NONE', *, *, #1358, .F. ) ;
#92 = EDGE_CURVE ( 'NONE', #2401, #427, #2206, .T. ) ;
#93 = VECTOR ( 'NONE', #1905, 1000.000000000000000 ) ;
#94 = DIRECTION ( 'NONE',  ( -0.000000000000000000, 1.000000000000000000, 0.000000000000000000 ) ) ;
#95 = CARTESIAN_POINT ( 'NONE',  ( -3.425126265847332263, 0.000000000000000000, -4.485786437626947176 ) ) ;
#96 = ADVANCED_FACE ( 'NONE', ( #386 ), #2130, .F. ) ;
#97 = ORIENTED_EDGE ( 'NONE', *, *, #988, .F. ) ;
#98 = CARTESIAN_POINT ( 'NONE',  ( 9.500000000000074607, 0.000000000000000000, -3.099999999999966782 ) ) ;
#99 = VERTEX_POINT ( 'NONE', #1049 ) ;
#100 = CARTESIAN_POINT ( 'NONE',  ( -8.200000000000041922, 0.000000000000000000, 5.499999999999913847 ) ) ;
#101 = PLANE ( 'NONE',  #1239 ) ;
#102 = ORIENTED_EDGE ( 'NONE', *, *, #1274, .F. ) ;
#103 = EDGE_CURVE ( 'NONE', #2608, #316, #804, .T. ) ;
#104 = VECTOR ( 'NONE', #1188, 1000.000000000000000 ) ;
#105 = PRODUCT ( '2020 T slot profile', '2020 T slot profile', '', ( #1429 ) ) ;
#106 = FACE_OUTER_BOUND ( 'NONE', #786, .T. ) ;
#107 = ORIENTED_EDGE ( 'NONE', *, *, #43, .F. ) ;
#108 = LINE ( 'NONE', #2491, #1295 ) ;
#109 = FACE_OUTER_BOUND ( 'NONE', #1591, .T. ) ;
#110 = EDGE_LOOP ( 'NONE', ( #2217, #1288, #980, #2353 ) ) ;
#111 = FACE_OUTER_BOUND ( 'NONE', #2653, .T. ) ;
#112 = CARTESIAN_POINT ( 'NONE',  ( -9.500000000000746070, 100.0000000000000000, 1.987943364601888183E-12 ) ) ;
#113 = CARTESIAN_POINT ( 'NONE',  ( 5.500000000000000000, 0.000000000000000000, -8.199999999999985079 ) ) ;
#114 = VERTEX_POINT ( 'NONE', #1027 ) ;
#115 = CARTESIAN_POINT ( 'NONE',  ( 8.200000000000004619, 0.000000000000000000, -5.499999999999970690 ) ) ;
#116 = DIRECTION ( 'NONE',  ( -0.000000000000000000, 1.000000000000000000, -0.000000000000000000 ) ) ;
#117 = AXIS2_PLACEMENT_3D ( 'NONE', #2212, #2671, #2198 ) ;
#118 = CARTESIAN_POINT ( 'NONE',  ( 10.00000000000002132, 0.000000000000000000, -3.599999999999964562 ) ) ;
#119 = ORIENTED_EDGE ( 'NONE', *, *, #1809, .T. ) ;
#120 = CARTESIAN_POINT ( 'NONE',  ( -3.600000000000000089, 0.000000000000000000, 10.00000000000000888 ) ) ;
#121 = ORIENTED_EDGE ( 'NONE', *, *, #417, .F. ) ;
#122 = EDGE_CURVE ( 'NONE', #637, #1183, #1730, .T. ) ;
#123 = EDGE_CURVE ( 'NONE', #1219, #2081, #350, .T. ) ;
#124 = DIRECTION ( 'NONE',  ( 1.000000000000000000, 0.000000000000000000, -0.000000000000000000 ) ) ;
#125 = EDGE_CURVE ( 'NONE', #2383, #860, #2462, .T. ) ;
#126 = ORIENTED_EDGE ( 'NONE', *, *, #2290, .F. ) ;
#127 = VECTOR ( 'NONE', #8, 1000.000000000000000 ) ;
#128 = AXIS2_PLACEMENT_3D ( 'NONE', #754, #741, #1617 ) ;
#129 = DIRECTION ( 'NONE',  ( 1.000000000000000000, 0.000000000000000000, 0.000000000000000000 ) ) ;
#130 = EDGE_LOOP ( 'NONE', ( #844, #27, #150, #796 ) ) ;
#131 = VECTOR ( 'NONE', #1430, 1000.000000000000000 ) ;
#132 = FACE_OUTER_BOUND ( 'NONE', #1155, .T. ) ;
#133 = LINE ( 'NONE', #800, #1779 ) ;
#134 = VECTOR ( 'NONE', #1639, 1000.000000000000000 ) ;
#135 = VERTEX_POINT ( 'NONE', #2546 ) ;
#136 = VECTOR ( 'NONE', #2466, 1000.000000000000000 ) ;
#137 = CARTESIAN_POINT ( 'NONE',  ( 9.999999999999998224, 0.000000000000000000, 8.499999999999998224 ) ) ;
#138 = CARTESIAN_POINT ( 'NONE',  ( -3.100000000000000089, 0.000000000000000000, 8.200000000000002842 ) ) ;
#139 = CARTESIAN_POINT ( 'NONE',  ( -8.199999999999928235, 0.000000000000000000, -5.500000000000085265 ) ) ;
#140 = ORIENTED_EDGE ( 'NONE', *, *, #180, .F. ) ;
#141 = DIRECTION ( 'NONE',  ( 1.000000000000000000, 0.000000000000000000, 2.197316402903959271E-13 ) ) ;
#142 = DIRECTION ( 'NONE',  ( 0.000000000000000000, -1.000000000000000000, 0.000000000000000000 ) ) ;
#143 = ORIENTED_EDGE ( 'NONE', *, *, #1390, .T. ) ;
#144 = PLANE ( 'NONE',  #2450 ) ;
#145 = CARTESIAN_POINT ( 'NONE',  ( -5.500000000000000000, 0.000000000000000000, -6.560660171779064243 ) ) ;
#146 = VECTOR ( 'NONE', #987, 1000.000000000000000 ) ;
#147 = DIRECTION ( 'NONE',  ( -0.000000000000000000, 0.000000000000000000, -1.000000000000000000 ) ) ;
#148 = VECTOR ( 'NONE', #861, 1000.000000000000000 ) ;
#149 = VERTEX_POINT ( 'NONE', #138 ) ;
#150 = ORIENTED_EDGE ( 'NONE', *, *, #1019, .T. ) ;
#151 = PLANE ( 'NONE',  #2330 ) ;
#152 = ADVANCED_FACE ( 'NONE', ( #157 ), #2744, .F. ) ;
#153 = DIRECTION ( 'NONE',  ( -0.000000000000000000, 1.000000000000000000, 0.000000000000000000 ) ) ;
#154 = VERTEX_POINT ( 'NONE', #590 ) ;
#155 = CARTESIAN_POINT ( 'NONE',  ( -3.100000000000000089, 0.000000000000000000, 9.500000000000063949 ) ) ;
#156 = EDGE_CURVE ( 'NONE', #2374, #2604, #1461, .T. ) ;
#157 = FACE_OUTER_BOUND ( 'NONE', #2345, .T. ) ;
#158 = CIRCLE ( 'NONE', #617, 1.999999999999973133 ) ;
#159 = CARTESIAN_POINT ( 'NONE',  ( 9.699999999999988631, 0.000000000000000000, 3.600000000000034728 ) ) ;
#160 = CARTESIAN_POINT ( 'NONE',  ( 3.399999999999999467, 0.000000000000000000, -9.499999999999998224 ) ) ;
#161 = LINE ( 'NONE', #1680, #1963 ) ;
#162 = EDGE_LOOP ( 'NONE', ( #1454, #2071, #239, #2174 ) ) ;
#163 = ORIENTED_EDGE ( 'NONE', *, *, #125, .T. ) ;
#164 = VECTOR ( 'NONE', #2213, 1000.000000000000000 ) ;
#165 = CARTESIAN_POINT ( 'NONE',  ( -3.600000000000000089, 0.000000000000000000, -10.00000000000000888 ) ) ;
#166 = CARTESIAN_POINT ( 'NONE',  ( -10.00000000000000178, 0.000000000000000000, 9.999999999999998224 ) ) ;
#167 = EDGE_CURVE ( 'NONE', #1682, #610, #1306, .T. ) ;
#168 = EDGE_LOOP ( 'NONE', ( #2336, #2803, #2398, #1417 ) ) ;
#169 = DIRECTION ( 'NONE',  ( -1.000000000000000000, 0.000000000000000000, -2.197316402903959271E-13 ) ) ;
#170 = DIRECTION ( 'NONE',  ( -0.000000000000000000, 1.000000000000000000, -0.000000000000000000 ) ) ;
#171 = ORIENTED_EDGE ( 'NONE', *, *, #1701, .F. ) ;
#172 = ADVANCED_FACE ( 'NONE', ( #1537 ), #2178, .F. ) ;
#173 = AXIS2_PLACEMENT_3D ( 'NONE', #2127, #1290, #1273 ) ;
#174 = CARTESIAN_POINT ( 'NONE',  ( -3.600000000000000089, 0.000000000000000000, -9.700000000000001066 ) ) ;
#175 = DIRECTION ( 'NONE',  ( -0.000000000000000000, 1.000000000000000000, -0.000000000000000000 ) ) ;
#176 = DIRECTION ( 'NONE',  ( 1.000000000000000000, -0.000000000000000000, 3.491481338843133355E-15 ) ) ;
#177 = VECTOR ( 'NONE', #393, 1000.000000000000000 ) ;
#178 = DIRECTION ( 'NONE',  ( 3.491481338843133355E-15, 0.000000000000000000, -1.000000000000000000 ) ) ;
#179 = EDGE_CURVE ( 'NONE', #1732, #1914, #1947, .T. ) ;
#180 = EDGE_CURVE ( 'NONE', #149, #963, #881, .T. ) ;
#181 = EDGE_LOOP ( 'NONE', ( #2558, #2039, #1621, #1973 ) ) ;
#182 = ORIENTED_EDGE ( 'NONE', *, *, #2737, .T. ) ;
#183 = ORIENTED_EDGE ( 'NONE', *, *, #2146, .T. ) ;
#184 = LINE ( 'NONE', #1077, #1117 ) ;
#185 = CARTESIAN_POINT ( 'NONE',  ( 8.199999999999965539, 0.000000000000000000, 5.500000000000028422 ) ) ;
#186 = VECTOR ( 'NONE', #203, 1000.000000000000000 ) ;
#187 = VERTEX_POINT ( 'NONE', #2404 ) ;
#188 = DIRECTION ( 'NONE',  ( -0.000000000000000000, 1.000000000000000000, 0.000000000000000000 ) ) ;
#189 = EDGE_LOOP ( 'NONE', ( #1088, #999, #572, #2675 ) ) ;
#190 = CARTESIAN_POINT ( 'NONE',  ( -3.399999999999999467, 100.0000000000000000, 9.700000000000001066 ) ) ;
#191 = CARTESIAN_POINT ( 'NONE',  ( -3.100000000000000089, 0.000000000000000000, -8.200000000000002842 ) ) ;
#192 = CARTESIAN_POINT ( 'NONE',  ( -5.500000000000000000, 100.0000000000000000, -8.199999999999985079 ) ) ;
#193 = DIRECTION ( 'NONE',  ( -1.000000000000000000, 0.000000000000000000, -3.491481338843133355E-15 ) ) ;
#194 = VECTOR ( 'NONE', #1950, 1000.000000000000000 ) ;
#195 = VERTEX_POINT ( 'NONE', #865 ) ;
#196 = VERTEX_POINT ( 'NONE', #1753 ) ;
#197 = ORIENTED_EDGE ( 'NONE', *, *, #92, .F. ) ;
#198 = DIRECTION ( 'NONE',  ( 0.000000000000000000, -1.000000000000000000, 0.000000000000000000 ) ) ;
#199 = LINE ( 'NONE', #2143, #867 ) ;
#200 = VERTEX_POINT ( 'NONE', #6 ) ;
#201 = CYLINDRICAL_SURFACE ( 'NONE', #2316, 1.499999999999999556 ) ;
#202 = VERTEX_POINT ( 'NONE', #2373 ) ;
#203 = DIRECTION ( 'NONE',  ( -0.000000000000000000, 0.000000000000000000, 1.000000000000000000 ) ) ;
#204 = DIRECTION ( 'NONE',  ( 1.000000000000000000, 0.000000000000000000, -2.197316402903959271E-13 ) ) ;
#205 = LINE ( 'NONE', #1784, #1253 ) ;
#206 = EDGE_CURVE ( 'NONE', #1583, #1219, #418, .T. ) ;
#207 = CARTESIAN_POINT ( 'NONE',  ( 8.200000000000004619, 0.000000000000000000, -5.499999999999970690 ) ) ;
#208 = LINE ( 'NONE', #11, #1605 ) ;
#209 = EDGE_CURVE ( 'NONE', #1536, #1941, #449, .T. ) ;
#210 = VERTEX_POINT ( 'NONE', #848 ) ;
#211 = EDGE_LOOP ( 'NONE', ( #1664, #2749, #1104, #2431 ) ) ;
#212 = VECTOR ( 'NONE', #1354, 1000.000000000000000 ) ;
#213 = DIRECTION ( 'NONE',  ( 0.000000000000000000, 1.000000000000000000, 0.000000000000000000 ) ) ;
#214 = ORIENTED_EDGE ( 'NONE', *, *, #438, .F. ) ;
#215 = DIRECTION ( 'NONE',  ( -1.000000000000000000, 0.000000000000000000, 0.000000000000000000 ) ) ;
#216 = ORIENTED_EDGE ( 'NONE', *, *, #2442, .F. ) ;
#217 = CARTESIAN_POINT ( 'NONE',  ( 3.100000000000000089, 100.0000000000000000, 0.000000000000000000 ) ) ;
#218 = EDGE_CURVE ( 'NONE', #1107, #1413, #1717, .T. ) ;
#219 = CARTESIAN_POINT ( 'NONE',  ( 3.100000000000000089, 0.000000000000000000, -8.200000000000002842 ) ) ;
#220 = CARTESIAN_POINT ( 'NONE',  ( 3.600000000000000089, 0.000000000000000000, 10.00000000000000888 ) ) ;
#221 = CARTESIAN_POINT ( 'NONE',  ( -5.500000000000000000, 0.000000000000000000, 8.199999999999985079 ) ) ;
#222 = FACE_OUTER_BOUND ( 'NONE', #538, .T. ) ;
#223 = CARTESIAN_POINT ( 'NONE',  ( 5.500000000000000000, 0.000000000000000000, -8.199999999999985079 ) ) ;
#224 = VECTOR ( 'NONE', #666, 1000.000000000000000 ) ;
#225 = VECTOR ( 'NONE', #2411, 1000.000000000000000 ) ;
#226 = VERTEX_POINT ( 'NONE', #1506 ) ;
#227 = ORIENTED_EDGE ( 'NONE', *, *, #43, .T. ) ;
#228 = LINE ( 'NONE', #1562, #1091 ) ;
#229 = ORIENTED_EDGE ( 'NONE', *, *, #2626, .T. ) ;
#230 = DIRECTION ( 'NONE',  ( -0.000000000000000000, 1.000000000000000000, -0.000000000000000000 ) ) ;
#231 = ORIENTED_EDGE ( 'NONE', *, *, #2769, .F. ) ;
#232 = DIRECTION ( 'NONE',  ( 1.000000000000000000, 0.000000000000000000, -7.228014483236698330E-15 ) ) ;
#233 = CARTESIAN_POINT ( 'NONE',  ( 8.500000000000000000, 100.0000000000000000, -8.500000000000001776 ) ) ;
#234 = LINE ( 'NONE', #1601, #2123 ) ;
#235 = LINE ( 'NONE', #24, #1399 ) ;
#236 = ADVANCED_FACE ( 'NONE', ( #2164 ), #201, .T. ) ;
#237 = CARTESIAN_POINT ( 'NONE',  ( 9.500000000000053291, 0.000000000000000000, 3.100000000000032951 ) ) ;
#238 = CARTESIAN_POINT ( 'NONE',  ( -10.00000000000000178, 0.000000000000000000, -10.00000000000000178 ) ) ;
#239 = ORIENTED_EDGE ( 'NONE', *, *, #1412, .T. ) ;
#240 = ORIENTED_EDGE ( 'NONE', *, *, #988, .T. ) ;
#241 = SURFACE_STYLE_USAGE ( .BOTH. , #691 ) ;
#242 = ORIENTED_EDGE ( 'NONE', *, *, #179, .F. ) ;
#243 = CARTESIAN_POINT ( 'NONE',  ( -3.425126265847351803, 0.000000000000000000, 4.485786437626927636 ) ) ;
#244 = ADVANCED_BREP_SHAPE_REPRESENTATION ( '2020 T slot profile', ( #2400, #2229 ), #959 ) ;
#245 = ORIENTED_EDGE ( 'NONE', *, *, #20, .F. ) ;
#246 = EDGE_CURVE ( 'NONE', #1219, #1378, #1572, .T. ) ;
#247 = CARTESIAN_POINT ( 'NONE',  ( 2.087450582758924949E-12, 100.0000000000000000, -9.500000000000746070 ) ) ;
#248 = EDGE_CURVE ( 'NONE', #1168, #610, #2438, .T. ) ;
#249 = CARTESIAN_POINT ( 'NONE',  ( -10.00000000000004619, 0.000000000000000000, 3.599999999999894840 ) ) ;
#250 = EDGE_CURVE ( 'NONE', #2485, #1893, #2613, .T. ) ;
#251 = CARTESIAN_POINT ( 'NONE',  ( -10.00000000000000178, 0.000000000000000000, 9.999999999999998224 ) ) ;
#252 = CARTESIAN_POINT ( 'NONE',  ( -3.399999999999999467, 0.000000000000000000, 9.499999999999998224 ) ) ;
#253 = DIRECTION ( 'NONE',  ( -3.246429533292703313E-15, 0.000000000000000000, 1.000000000000000000 ) ) ;
#254 = PLANE ( 'NONE',  #2550 ) ;
#255 = ORIENTED_EDGE ( 'NONE', *, *, #883, .T. ) ;
#256 = AXIS2_PLACEMENT_3D ( 'NONE', #1768, #871, #655 ) ;
#257 = FACE_OUTER_BOUND ( 'NONE', #258, .T. ) ;
#258 = EDGE_LOOP ( 'NONE', ( #982, #445, #1759, #893 ) ) ;
#259 = CARTESIAN_POINT ( 'NONE',  ( -6.560660171779121974, 0.000000000000000000, 5.499999999999930722 ) ) ;
#260 = ORIENTED_EDGE ( 'NONE', *, *, #773, .F. ) ;
#261 = ORIENTED_EDGE ( 'NONE', *, *, #995, .F. ) ;
#262 = DIRECTION ( 'NONE',  ( 0.000000000000000000, 0.000000000000000000, -1.000000000000000000 ) ) ;
#263 = CARTESIAN_POINT ( 'NONE',  ( 5.500000000000000000, 0.000000000000000000, 6.560660171779064243 ) ) ;
#264 = EDGE_CURVE ( 'NONE', #2202, #200, #9, .T. ) ;
#265 = VECTOR ( 'NONE', #2781, 1000.000000000000000 ) ;
#266 = EDGE_CURVE ( 'NONE', #1729, #2460, #55, .T. ) ;
#267 = AXIS2_PLACEMENT_3D ( 'NONE', #485, #1813, #1386 ) ;
#268 = CARTESIAN_POINT ( 'NONE',  ( 3.100000000000000089, 0.000000000000000000, -8.200000000000002842 ) ) ;
#269 = EDGE_CURVE ( 'NONE', #1420, #1042, #992, .T. ) ;
#270 = CARTESIAN_POINT ( 'NONE',  ( -3.425126265847332263, 0.000000000000000000, 4.485786437626947176 ) ) ;
#271 = PLANE ( 'NONE',  #267 ) ;
#272 = DIRECTION ( 'NONE',  ( 1.000000000000000000, 0.000000000000000000, -0.000000000000000000 ) ) ;
#273 = VECTOR ( 'NONE', #2284, 1000.000000000000000 ) ;
#274 = VERTEX_POINT ( 'NONE', #1526 ) ;
#275 = AXIS2_PLACEMENT_3D ( 'NONE', #2519, #1662, #2276 ) ;
#276 = CIRCLE ( 'NONE', #1231, 1.999999999999973133 ) ;
#277 = DIRECTION ( 'NONE',  ( 0.000000000000000000, 0.000000000000000000, -1.000000000000000000 ) ) ;
#278 = ORIENTED_EDGE ( 'NONE', *, *, #2786, .T. ) ;
#279 = CARTESIAN_POINT ( 'NONE',  ( -9.999999999999971578, 0.000000000000000000, -3.600000000000104894 ) ) ;
#280 = ORIENTED_EDGE ( 'NONE', *, *, #2157, .F. ) ;
#281 = LINE ( 'NONE', #2009, #2236 ) ;
#282 = CARTESIAN_POINT ( 'NONE',  ( -9.500000000000033751, 0.000000000000000000, 3.399999999999899991 ) ) ;
#283 = LINE ( 'NONE', #251, #1632 ) ;
#284 = ORIENTED_EDGE ( 'NONE', *, *, #1233, .F. ) ;
#285 = FACE_OUTER_BOUND ( 'NONE', #1406, .T. ) ;
#286 = CARTESIAN_POINT ( 'NONE',  ( 3.399999999999977707, 100.0000000000000000, 9.499999999999998224 ) ) ;
#287 = VECTOR ( 'NONE', #26, 1000.000000000000000 ) ;
#288 = ORIENTED_EDGE ( 'NONE', *, *, #2065, .F. ) ;
#289 = EDGE_CURVE ( 'NONE', #1987, #743, #2717, .T. ) ;
#290 = VERTEX_POINT ( 'NONE', #252 ) ;
#291 = CARTESIAN_POINT ( 'NONE',  ( 4.485786437626934742, 0.000000000000000000, 3.425126265847347806 ) ) ;
#292 = AXIS2_PLACEMENT_3D ( 'NONE', #693, #707, #664 ) ;
#293 = VERTEX_POINT ( 'NONE', #2408 ) ;
#294 = VECTOR ( 'NONE', #536, 1000.000000000000000 ) ;
#295 = LINE ( 'NONE', #77, #2282 ) ;
#296 = CARTESIAN_POINT ( 'NONE',  ( -10.00000000000004619, 0.000000000000000000, 3.599999999999894840 ) ) ;
#297 = CARTESIAN_POINT ( 'NONE',  ( 5.500000000000000000, 0.000000000000000000, 8.199999999999985079 ) ) ;
#298 = VERTEX_POINT ( 'NONE', #931 ) ;
#299 = LINE ( 'NONE', #712, #164 ) ;
#300 = PLANE ( 'NONE',  #2428 ) ;
#301 = EDGE_CURVE ( 'NONE', #2420, #1788, #205, .T. ) ;
#302 = ORIENTED_EDGE ( 'NONE', *, *, #1560, .T. ) ;
#303 = ADVANCED_FACE ( 'NONE', ( #423 ), #453, .F. ) ;
#304 = EDGE_CURVE ( 'NONE', #2202, #950, #1741, .T. ) ;
#305 = LINE ( 'NONE', #2688, #1862 ) ;
#306 = ORIENTED_EDGE ( 'NONE', *, *, #1142, .F. ) ;
#307 = CARTESIAN_POINT ( 'NONE',  ( 3.100000000000000089, 0.000000000000000000, 8.200000000000002842 ) ) ;
#308 = CARTESIAN_POINT ( 'NONE',  ( 8.199999999999992184, 0.000000000000000000, 3.100000000000028511 ) ) ;
#309 = VERTEX_POINT ( 'NONE', #1297 ) ;
#310 = CARTESIAN_POINT ( 'NONE',  ( -8.200000000000034817, 0.000000000000000000, 3.099999999999913936 ) ) ;
#311 = EDGE_CURVE ( 'NONE', #15, #1122, #235, .T. ) ;
#312 = EDGE_LOOP ( 'NONE', ( #2476, #1697, #2686, #1485 ) ) ;
#313 = FACE_OUTER_BOUND ( 'NONE', #1150, .T. ) ;
#314 = DIRECTION ( 'NONE',  ( 0.000000000000000000, 0.000000000000000000, 1.000000000000000000 ) ) ;
#315 = VECTOR ( 'NONE', #1742, 1000.000000000000000 ) ;
#316 = VERTEX_POINT ( 'NONE', #2425 ) ;
#317 = AXIS2_PLACEMENT_3D ( 'NONE', #970, #1170, #2036 ) ;
#318 = LINE ( 'NONE', #547, #1315 ) ;
#319 = EDGE_CURVE ( 'NONE', #2790, #725, #1084, .T. ) ;
#320 = EDGE_LOOP ( 'NONE', ( #2075, #2568, #261, #231 ) ) ;
#321 = VECTOR ( 'NONE', #2250, 1000.000000000000000 ) ;
#322 = DIRECTION ( 'NONE',  ( -1.000000000000000000, -0.000000000000000000, 7.228014483236696753E-15 ) ) ;
#323 = DIRECTION ( 'NONE',  ( 1.000000000000000000, 0.000000000000000000, 0.000000000000000000 ) ) ;
#324 = ORIENTED_EDGE ( 'NONE', *, *, #1325, .T. ) ;
#325 = DIRECTION ( 'NONE',  ( 1.000000000000000000, 0.000000000000000000, 1.047444401652940007E-14 ) ) ;
#326 = ORIENTED_EDGE ( 'NONE', *, *, #39, .F. ) ;
#327 = LINE ( 'NONE', #1201, #2086 ) ;
#328 = DIRECTION ( 'NONE',  ( -0.7071067811864463204, 0.000000000000000000, -0.7071067811866487141 ) ) ;
#329 = ORIENTED_EDGE ( 'NONE', *, *, #1256, .T. ) ;
#330 = VECTOR ( 'NONE', #2119, 1000.000000000000000 ) ;
#331 = PLANE ( 'NONE',  #2814 ) ;
#332 = EDGE_LOOP ( 'NONE', ( #618, #1832, #2482, #2687 ) ) ;
#333 = EDGE_CURVE ( 'NONE', #2452, #2538, #1990, .T. ) ;
#334 = PLANE ( 'NONE',  #1165 ) ;
#335 = LINE ( 'NONE', #1382, #87 ) ;
#336 = ADVANCED_FACE ( 'NONE', ( #1997 ), #1540, .F. ) ;
#337 = ORIENTED_EDGE ( 'NONE', *, *, #717, .F. ) ;
#338 = AXIS2_PLACEMENT_3D ( 'NONE', #220, #2815, #1934 ) ;
#339 = DIRECTION ( 'NONE',  ( -1.047444401652940007E-14, -0.000000000000000000, 1.000000000000000000 ) ) ;
#340 = ORIENTED_EDGE ( 'NONE', *, *, #180, .T. ) ;
#341 = LINE ( 'NONE', #2498, #784 ) ;
#342 = VERTEX_POINT ( 'NONE', #917 ) ;
#343 = ADVANCED_FACE ( 'NONE', ( #2391 ), #2182, .F. ) ;
#344 = DIRECTION ( 'NONE',  ( 0.000000000000000000, 0.000000000000000000, -1.000000000000000000 ) ) ;
#345 = ORIENTED_EDGE ( 'NONE', *, *, #2271, .F. ) ;
#346 = DIRECTION ( 'NONE',  ( 0.000000000000000000, -0.000000000000000000, -1.000000000000000000 ) ) ;
#347 = LINE ( 'NONE', #778, #1189 ) ;
#348 = ORIENTED_EDGE ( 'NONE', *, *, #1226, .T. ) ;
#349 = LINE ( 'NONE', #2102, #1311 ) ;
#350 = LINE ( 'NONE', #2118, #1097 ) ;
#351 = FACE_OUTER_BOUND ( 'NONE', #2715, .T. ) ;
#352 = CIRCLE ( 'NONE', #443, 0.2000000000000005107 ) ;
#353 = EDGE_CURVE ( 'NONE', #187, #2187, #158, .T. ) ;
#354 = AXIS2_PLACEMENT_3D ( 'NONE', #422, #2627, #1904 ) ;
#355 = ORIENTED_EDGE ( 'NONE', *, *, #608, .T. ) ;
#356 = CIRCLE ( 'NONE', #728, 0.2000000000000022593 ) ;
#357 = CARTESIAN_POINT ( 'NONE',  ( 8.200000000000013500, 0.000000000000000000, -3.099999999999971223 ) ) ;
#358 = VECTOR ( 'NONE', #1965, 1000.000000000000000 ) ;
#359 = DIRECTION ( 'NONE',  ( 1.000000000000000000, 0.000000000000000000, 3.491481338843133355E-15 ) ) ;
#360 = EDGE_LOOP ( 'NONE', ( #1593, #2701, #1845, #1924 ) ) ;
#361 = VECTOR ( 'NONE', #1103, 1000.000000000000000 ) ;
#362 = CYLINDRICAL_SURFACE ( 'NONE', #856, 1.499999999999999556 ) ;
#363 = DIRECTION ( 'NONE',  ( -1.770245849976609840E-14, 0.000000000000000000, 1.000000000000000000 ) ) ;
#364 = DIRECTION ( 'NONE',  ( 0.000000000000000000, 0.000000000000000000, -1.000000000000000000 ) ) ;
#365 = ORIENTED_EDGE ( 'NONE', *, *, #1606, .T. ) ;
#366 = ORIENTED_EDGE ( 'NONE', *, *, #301, .T. ) ;
#367 = ADVANCED_FACE ( 'NONE', ( #2644 ), #684, .F. ) ;
#368 = CARTESIAN_POINT ( 'NONE',  ( 3.399999999999999467, 0.000000000000000000, 9.499999999999998224 ) ) ;
#369 = UNCERTAINTY_MEASURE_WITH_UNIT (LENGTH_MEASURE( 1.000000000000000082E-05 ), #475, 'distance_accuracy_value', 'NONE');
#370 = CARTESIAN_POINT ( 'NONE',  ( 6.560660171779083782, 0.000000000000000000, -5.499999999999976907 ) ) ;
#371 = ORIENTED_EDGE ( 'NONE', *, *, #2735, .F. ) ;
#372 = FACE_OUTER_BOUND ( 'NONE', #716, .T. ) ;
#373 = CARTESIAN_POINT ( 'NONE',  ( -5.760944209091170667E-14, 100.0000000000000000, 5.500000000000000000 ) ) ;
#374 = VECTOR ( 'NONE', #70, 1000.000000000000000 ) ;
#375 = CARTESIAN_POINT ( 'NONE',  ( -5.500000000000000000, 100.0000000000000000, 8.199999999999985079 ) ) ;
#376 = VECTOR ( 'NONE', #2622, 1000.000000000000000 ) ;
#377 = CARTESIAN_POINT ( 'NONE',  ( -2.010912703474272867, 0.000000000000000000, -5.900000000000001243 ) ) ;
#378 = ORIENTED_EDGE ( 'NONE', *, *, #608, .F. ) ;
#379 = EDGE_CURVE ( 'NONE', #1111, #474, #724, .T. ) ;
#380 = ORIENTED_EDGE ( 'NONE', *, *, #421, .T. ) ;
#381 = ADVANCED_FACE ( 'NONE', ( #1614 ), #1328, .F. ) ;
#382 = CARTESIAN_POINT ( 'NONE',  ( -10.00000000000000178, 100.0000000000000000, 9.999999999999998224 ) ) ;
#383 = DIRECTION ( 'NONE',  ( -1.000000000000000000, 0.000000000000000000, -3.491481338843133355E-15 ) ) ;
#384 = ORIENTED_EDGE ( 'NONE', *, *, #599, .F. ) ;
#385 = LINE ( 'NONE', #1259, #1002 ) ;
#386 = FACE_OUTER_BOUND ( 'NONE', #1931, .T. ) ;
#387 = CIRCLE ( 'NONE', #900, 1.999999999999973133 ) ;
#388 = ORIENTED_EDGE ( 'NONE', *, *, #591, .F. ) ;
#389 = CYLINDRICAL_SURFACE ( 'NONE', #1792, 1.999999999999973577 ) ;
#390 = EDGE_CURVE ( 'NONE', #877, #2796, #54, .T. ) ;
#391 = DIRECTION ( 'NONE',  ( -0.000000000000000000, 1.000000000000000000, -0.000000000000000000 ) ) ;
#392 = CARTESIAN_POINT ( 'NONE',  ( -3.900000000000023004, 100.0000000000000000, 2.010912703474232011 ) ) ;
#393 = DIRECTION ( 'NONE',  ( -2.302060843069253146E-13, 0.000000000000000000, 1.000000000000000000 ) ) ;
#394 = ORIENTED_EDGE ( 'NONE', *, *, #1663, .T. ) ;
#395 = VECTOR ( 'NONE', #1307, 1000.000000000000000 ) ;
#396 = EDGE_LOOP ( 'NONE', ( #1499, #2780, #1349, #121 ) ) ;
#397 = VECTOR ( 'NONE', #852, 1000.000000000000000 ) ;
#398 = VERTEX_POINT ( 'NONE', #1824 ) ;
#399 = LINE ( 'NONE', #382, #2253 ) ;
#400 = CARTESIAN_POINT ( 'NONE',  ( -3.425126265847332263, 0.000000000000000000, -4.485786437626947176 ) ) ;
#401 = ORIENTED_EDGE ( 'NONE', *, *, #156, .T. ) ;
#402 = DIRECTION ( 'NONE',  ( -0.000000000000000000, 1.000000000000000000, 0.000000000000000000 ) ) ;
#403 = LINE ( 'NONE', #2782, #1750 ) ;
#404 = VERTEX_POINT ( 'NONE', #1767 ) ;
#405 = VECTOR ( 'NONE', #1244, 1000.000000000000000 ) ;
#406 = CARTESIAN_POINT ( 'NONE',  ( -3.100000000000000089, 0.000000000000000000, -8.200000000000002842 ) ) ;
#407 = CARTESIAN_POINT ( 'NONE',  ( 3.100000000000000089, 0.000000000000000000, -9.500000000000063949 ) ) ;
#408 = CARTESIAN_POINT ( 'NONE',  ( 3.600000000000000089, 100.0000000000000000, 10.00000000000000888 ) ) ;
#409 = FACE_OUTER_BOUND ( 'NONE', #65, .T. ) ;
#410 = ORIENTED_EDGE ( 'NONE', *, *, #250, .T. ) ;
#411 = EDGE_LOOP ( 'NONE', ( #2650, #107, #720, #991 ) ) ;
#412 = VERTEX_POINT ( 'NONE', #2670 ) ;
#413 = CARTESIAN_POINT ( 'NONE',  ( 9.500000000000010658, 0.000000000000000000, -3.399999999999966604 ) ) ;
#414 = CARTESIAN_POINT ( 'NONE',  ( 9.700000000000011724, 100.0000000000000000, -3.399999999999965716 ) ) ;
#415 = AXIS2_PLACEMENT_3D ( 'NONE', #1827, #961, #364 ) ;
#416 = VERTEX_POINT ( 'NONE', #1783 ) ;
#417 = EDGE_CURVE ( 'NONE', #196, #2249, #234, .T. ) ;
#418 = LINE ( 'NONE', #2625, #224 ) ;
#419 = EDGE_LOOP ( 'NONE', ( #2030, #140, #1660, #1245 ) ) ;
#420 = CYLINDRICAL_SURFACE ( 'NONE', #977, 0.2000000000000022593 ) ;
#421 = EDGE_CURVE ( 'NONE', #1034, #2790, #387, .T. ) ;
#422 = CARTESIAN_POINT ( 'NONE',  ( -3.399999999999999467, 0.000000000000000000, -9.700000000000001066 ) ) ;
#423 = FACE_OUTER_BOUND ( 'NONE', #396, .T. ) ;
#424 = LINE ( 'NONE', #1969, #84 ) ;
#425 = DIRECTION ( 'NONE',  ( -0.000000000000000000, 1.000000000000000000, -0.000000000000000000 ) ) ;
#426 = CIRCLE ( 'NONE', #2027, 0.2000000000000005107 ) ;
#427 = VERTEX_POINT ( 'NONE', #1370 ) ;
#428 = ORIENTED_EDGE ( 'NONE', *, *, #1433, .T. ) ;
#429 = ADVANCED_FACE ( 'NONE', ( #710 ), #2024, .F. ) ;
#430 = EDGE_LOOP ( 'NONE', ( #1271, #623, #240, #119 ) ) ;
#431 = CARTESIAN_POINT ( 'NONE',  ( 9.999999999999996447, 0.000000000000000000, 3.600000000000035172 ) ) ;
#432 = DIRECTION ( 'NONE',  ( 0.000000000000000000, 0.000000000000000000, -1.000000000000000000 ) ) ;
#433 = VERTEX_POINT ( 'NONE', #916 ) ;
#434 = DIRECTION ( 'NONE',  ( -0.7071067811864611974, 0.000000000000000000, 0.7071067811866339481 ) ) ;
#435 = CARTESIAN_POINT ( 'NONE',  ( -8.199999999999928235, 0.000000000000000000, -5.500000000000085265 ) ) ;
#436 = FACE_OUTER_BOUND ( 'NONE', #1262, .T. ) ;
#437 = CARTESIAN_POINT ( 'NONE',  ( 3.600000000000000089, 0.000000000000000000, -10.00000000000000888 ) ) ;
#438 = EDGE_CURVE ( 'NONE', #729, #2005, #283, .T. ) ;
#439 = LINE ( 'NONE', #1770, #447 ) ;
#440 = DIRECTION ( 'NONE',  ( -2.232231216292390983E-13, 0.000000000000000000, 1.000000000000000000 ) ) ;
#441 = EDGE_LOOP ( 'NONE', ( #1123, #816, #1453, #1437 ) ) ;
#442 = ORIENTED_EDGE ( 'NONE', *, *, #883, .F. ) ;
#443 = AXIS2_PLACEMENT_3D ( 'NONE', #2481, #1849, #1000 ) ;
#444 = PLANE ( 'NONE',  #1318 ) ;
#445 = ORIENTED_EDGE ( 'NONE', *, *, #1483, .F. ) ;
#446 = DIRECTION ( 'NONE',  ( 0.7071067811864513164, 0.000000000000000000, 0.7071067811866437181 ) ) ;
#447 = VECTOR ( 'NONE', #2817, 1000.000000000000000 ) ;
#448 = VERTEX_POINT ( 'NONE', #1130 ) ;
#449 = LINE ( 'NONE', #1292, #730 ) ;
#450 = LINE ( 'NONE', #247, #136 ) ;
#451 = PLANE ( 'NONE',  #1501 ) ;
#452 = CARTESIAN_POINT ( 'NONE',  ( 9.999999999999998224, 100.0000000000000000, 9.999999999999998224 ) ) ;
#453 = PLANE ( 'NONE',  #1853 ) ;
#454 = LINE ( 'NONE', #1495, #2759 ) ;
#455 = DIRECTION ( 'NONE',  ( 1.000000000000000000, 0.000000000000000000, -2.197316402903959271E-13 ) ) ;
#456 = VECTOR ( 'NONE', #2223, 1000.000000000000000 ) ;
#457 = AXIS2_PLACEMENT_3D ( 'NONE', #377, #873, #644 ) ;
#458 = ORIENTED_EDGE ( 'NONE', *, *, #2215, .T. ) ;
#459 = VERTEX_POINT ( 'NONE', #470 ) ;
#460 = EDGE_CURVE ( 'NONE', #2485, #743, #901, .T. ) ;
#461 = EDGE_CURVE ( 'NONE', #645, #2705, #1341, .T. ) ;
#462 = CARTESIAN_POINT ( 'NONE',  ( 9.500000000000074607, 100.0000000000000000, -3.099999999999966782 ) ) ;
#463 = EDGE_LOOP ( 'NONE', ( #1529, #1061, #1610, #1718 ) ) ;
#464 = DIRECTION ( 'NONE',  ( -0.000000000000000000, 1.000000000000000000, -0.000000000000000000 ) ) ;
#465 = EDGE_CURVE ( 'NONE', #1682, #1389, #2536, .T. ) ;
#466 = VERTEX_POINT ( 'NONE', #699 ) ;
#467 = DIRECTION ( 'NONE',  ( 0.000000000000000000, 0.000000000000000000, 1.000000000000000000 ) ) ;
#468 = DIRECTION ( 'NONE',  ( 0.000000000000000000, 0.000000000000000000, -1.000000000000000000 ) ) ;
#469 = CIRCLE ( 'NONE', #415, 1.499999999999999556 ) ;
#470 = CARTESIAN_POINT ( 'NONE',  ( 0.000000000000000000, 0.000000000000000000, -2.100000000000000089 ) ) ;
#471 = DIRECTION ( 'NONE',  ( 0.000000000000000000, 1.000000000000000000, 0.000000000000000000 ) ) ;
#472 = LINE ( 'NONE', #888, #858 ) ;
#473 = PLANE ( 'NONE',  #2318 ) ;
#474 = VERTEX_POINT ( 'NONE', #1145 ) ;
#475 =( LENGTH_UNIT ( ) NAMED_UNIT ( * ) SI_UNIT ( .MILLI., .METRE. ) );
#476 = ORIENTED_EDGE ( 'NONE', *, *, #1153, .F. ) ;
#477 = EDGE_CURVE ( 'NONE', #921, #895, #2222, .T. ) ;
#478 = DIRECTION ( 'NONE',  ( -3.491481338843133355E-15, 0.000000000000000000, 1.000000000000000000 ) ) ;
#479 = ORIENTED_EDGE ( 'NONE', *, *, #1180, .T. ) ;
#480 = EDGE_CURVE ( 'NONE', #1001, #2042, #80, .T. ) ;
#481 = VERTEX_POINT ( 'NONE', #268 ) ;
#482 = DIRECTION ( 'NONE',  ( 0.000000000000000000, 1.000000000000000000, 0.000000000000000000 ) ) ;
#483 = CARTESIAN_POINT ( 'NONE',  ( 3.425126265847332263, 0.000000000000000000, -4.485786437626947176 ) ) ;
#484 = DIRECTION ( 'NONE',  ( -0.000000000000000000, 1.000000000000000000, -0.000000000000000000 ) ) ;
#485 = CARTESIAN_POINT ( 'NONE',  ( 9.999999999999998224, 100.0000000000000000, 9.999999999999998224 ) ) ;
#486 = CARTESIAN_POINT ( 'NONE',  ( 5.500000000000000000, 0.000000000000000000, -6.560660171779064243 ) ) ;
#487 = EDGE_CURVE ( 'NONE', #2187, #2695, #1799, .T. ) ;
#488 = ORIENTED_EDGE ( 'NONE', *, *, #801, .T. ) ;
#489 = LINE ( 'NONE', #1317, #2185 ) ;
#490 = ORIENTED_EDGE ( 'NONE', *, *, #1194, .T. ) ;
#491 = DIRECTION ( 'NONE',  ( 0.000000000000000000, 0.000000000000000000, 1.000000000000000000 ) ) ;
#492 = ORIENTED_EDGE ( 'NONE', *, *, #774, .T. ) ;
#493 = CARTESIAN_POINT ( 'NONE',  ( -9.500000000000033751, 100.0000000000000000, 3.399999999999877787 ) ) ;
#494 = CARTESIAN_POINT ( 'NONE',  ( 5.500000000000000000, 0.000000000000000000, 6.560660171779064243 ) ) ;
#495 = AXIS2_PLACEMENT_3D ( 'NONE', #615, #2559, #602 ) ;
#496 = VECTOR ( 'NONE', #2280, 1000.000000000000000 ) ;
#497 = DIRECTION ( 'NONE',  ( 1.000000000000000000, 0.000000000000000000, 0.000000000000000000 ) ) ;
#498 = ORIENTED_EDGE ( 'NONE', *, *, #42, .T. ) ;
#499 = CARTESIAN_POINT ( 'NONE',  ( 9.999999999999998224, 100.0000000000000000, 8.499999999999998224 ) ) ;
#500 = CARTESIAN_POINT ( 'NONE',  ( 0.000000000000000000, 100.0000000000000000, 0.000000000000000000 ) ) ;
#501 = VECTOR ( 'NONE', #230, 1000.000000000000000 ) ;
#502 = ADVANCED_FACE ( 'NONE', ( #2682 ), #2468, .F. ) ;
#503 = ORIENTED_EDGE ( 'NONE', *, *, #1147, .F. ) ;
#504 = VECTOR ( 'NONE', #434, 999.9999999999998863 ) ;
#505 = VECTOR ( 'NONE', #586, 1000.000000000000000 ) ;
#506 = CIRCLE ( 'NONE', #1376, 1.999999999999973133 ) ;
#507 = DIRECTION ( 'NONE',  ( -3.491481338843133355E-15, 0.000000000000000000, 1.000000000000000000 ) ) ;
#508 = VERTEX_POINT ( 'NONE', #297 ) ;
#509 = LINE ( 'NONE', #291, #656 ) ;
#510 = ORIENTED_EDGE ( 'NONE', *, *, #1197, .F. ) ;
#511 = DIRECTION ( 'NONE',  ( -0.000000000000000000, 1.000000000000000000, -0.000000000000000000 ) ) ;
#512 = CARTESIAN_POINT ( 'NONE',  ( -5.899999999999980815, 0.000000000000000000, -2.010912703474334595 ) ) ;
#513 = ADVANCED_FACE ( 'NONE', ( #1171 ), #1220, .F. ) ;
#514 = CARTESIAN_POINT ( 'NONE',  ( 3.399999999999999467, 0.000000000000000000, -9.700000000000001066 ) ) ;
#515 = ORIENTED_EDGE ( 'NONE', *, *, #1070, .F. ) ;
#516 = ADVANCED_FACE ( 'NONE', ( #1641 ), #144, .F. ) ;
#517 = CARTESIAN_POINT ( 'NONE',  ( -9.500000000000097700, 0.000000000000000000, 3.099999999999900613 ) ) ;
#518 = CARTESIAN_POINT ( 'NONE',  ( 9.499999999999985789, 0.000000000000000000, 3.400000000000032330 ) ) ;
#519 = AXIS2_PLACEMENT_3D ( 'NONE', #233, #1157, #7 ) ;
#520 = ORIENTED_EDGE ( 'NONE', *, *, #1677, .T. ) ;
#521 = CLOSED_SHELL ( 'NONE', ( #652, #2204, #2346, #1284, #2207, #1944, #936, #1623, #2063, #1105, #2171, #2522, #88, #2509, #96, #1371, #2144, #2003, #738, #502, #896, #152, #2151, #1649, #2554, #367, #1787, #2415, #2248, #2349, #545, #2413, #1693, #945, #336, #2322, #172, #672, #1613, #343, #696, #303, #1126, #1011, #797, #1400, #565, #979, #2586, #1579, #516, #2422, #673, #1938, #429, #2444, #61, #1619, #2238, #2502, #772, #1772, #1509, #2823, #2531, #381, #1309, #1835, #2078, #2500, #2511, #1888, #2789, #1523, #2662, #549, #2306, #513, #2565, #990, #1120, #236, #1493, #624 ) ) ;
#522 = ORIENTED_EDGE ( 'NONE', *, *, #659, .T. ) ;
#523 = PLANE ( 'NONE',  #1140 ) ;
#524 = VECTOR ( 'NONE', #1700, 1000.000000000000000 ) ;
#525 = EDGE_CURVE ( 'NONE', #1687, #2792, #352, .T. ) ;
#526 = ORIENTED_EDGE ( 'NONE', *, *, #248, .F. ) ;
#527 = FACE_OUTER_BOUND ( 'NONE', #972, .T. ) ;
#528 = FACE_OUTER_BOUND ( 'NONE', #2674, .T. ) ;
#529 = CARTESIAN_POINT ( 'NONE',  ( -3.900000000000023004, 100.0000000000000000, 2.010912703474232011 ) ) ;
#530 = ORIENTED_EDGE ( 'NONE', *, *, #1094, .T. ) ;
#531 = DIRECTION ( 'NONE',  ( -1.000000000000000000, 0.000000000000000000, -1.047444401652940007E-14 ) ) ;
#532 = DIRECTION ( 'NONE',  ( -1.000000000000000000, 0.000000000000000000, -7.228014483236698330E-15 ) ) ;
#533 = ORIENTED_EDGE ( 'NONE', *, *, #717, .T. ) ;
#534 = CARTESIAN_POINT ( 'NONE',  ( -3.600000000000000089, 100.0000000000000000, 0.000000000000000000 ) ) ;
#535 = VERTEX_POINT ( 'NONE', #137 ) ;
#536 = DIRECTION ( 'NONE',  ( -0.000000000000000000, 1.000000000000000000, -0.000000000000000000 ) ) ;
#537 = CARTESIAN_POINT ( 'NONE',  ( 9.700000000000011724, 0.000000000000000000, -3.399999999999965716 ) ) ;
#538 = EDGE_LOOP ( 'NONE', ( #337, #1041, #753, #1535 ) ) ;
#539 = PLANE ( 'NONE',  #1590 ) ;
#540 = VERTEX_POINT ( 'NONE', #1411 ) ;
#541 = LINE ( 'NONE', #1414, #496 ) ;
#542 = FACE_OUTER_BOUND ( 'NONE', #2416, .T. ) ;
#543 = AXIS2_PLACEMENT_3D ( 'NONE', #2040, #1161, #56 ) ;
#544 = ORIENTED_EDGE ( 'NONE', *, *, #1108, .T. ) ;
#545 = ADVANCED_FACE ( 'NONE', ( #2743 ), #803, .F. ) ;
#546 = VECTOR ( 'NONE', #2370, 1000.000000000000000 ) ;
#547 = CARTESIAN_POINT ( 'NONE',  ( -2.087450582758924949E-12, 100.0000000000000000, 9.500000000000746070 ) ) ;
#548 = EDGE_CURVE ( 'NONE', #1633, #761, #2066, .T. ) ;
#549 = ADVANCED_FACE ( 'NONE', ( #111 ), #539, .F. ) ;
#550 = VERTEX_POINT ( 'NONE', #752 ) ;
#551 = VECTOR ( 'NONE', #1283, 1000.000000000000000 ) ;
#552 = CARTESIAN_POINT ( 'NONE',  ( -8.500000000000001776, 0.000000000000000000, -10.00000000000000178 ) ) ;
#553 = EDGE_CURVE ( 'NONE', #1479, #195, #1863, .T. ) ;
#554 = CARTESIAN_POINT ( 'NONE',  ( 5.500000000000000000, 100.0000000000000000, 8.199999999999985079 ) ) ;
#555 = ORIENTED_EDGE ( 'NONE', *, *, #1467, .T. ) ;
#556 = CARTESIAN_POINT ( 'NONE',  ( -0.5303300858902616488, 100.0000000000000000, -0.5303300858904023141 ) ) ;
#557 = ORIENTED_EDGE ( 'NONE', *, *, #2528, .T. ) ;
#558 = DIRECTION ( 'NONE',  ( -0.000000000000000000, 1.000000000000000000, 0.000000000000000000 ) ) ;
#559 = ORIENTED_EDGE ( 'NONE', *, *, #2808, .T. ) ;
#560 = AXIS2_PLACEMENT_3D ( 'NONE', #768, #1618, #124 ) ;
#561 = DIRECTION ( 'NONE',  ( -1.000000000000000000, 0.000000000000000000, -3.491481338843133355E-15 ) ) ;
#562 = EDGE_CURVE ( 'NONE', #2570, #1372, #349, .T. ) ;
#563 = CARTESIAN_POINT ( 'NONE',  ( 2.010912703474272867, 100.0000000000000000, 3.900000000000001688 ) ) ;
#564 = PLANE ( 'NONE',  #2007 ) ;
#565 = ADVANCED_FACE ( 'NONE', ( #2521 ), #765, .F. ) ;
#566 = EDGE_LOOP ( 'NONE', ( #1185, #2539, #1500, #766 ) ) ;
#567 = AXIS2_PLACEMENT_3D ( 'NONE', #762, #2477, #2529 ) ;
#568 = DIRECTION ( 'NONE',  ( -0.000000000000000000, 1.000000000000000000, -0.000000000000000000 ) ) ;
#569 = FACE_OUTER_BOUND ( 'NONE', #2216, .T. ) ;
#570 = LINE ( 'NONE', #139, #929 ) ;
#571 = CARTESIAN_POINT ( 'NONE',  ( 3.600000000000000089, 100.0000000000000000, 9.700000000000001066 ) ) ;
#572 = ORIENTED_EDGE ( 'NONE', *, *, #721, .T. ) ;
#573 = LINE ( 'NONE', #777, #2385 ) ;
#574 = LINE ( 'NONE', #1458, #2463 ) ;
#575 = VERTEX_POINT ( 'NONE', #2076 ) ;
#576 = DIRECTION ( 'NONE',  ( -0.000000000000000000, 1.000000000000000000, 0.000000000000000000 ) ) ;
#577 = CARTESIAN_POINT ( 'NONE',  ( 2.010912703474272867, 0.000000000000000000, 3.900000000000001688 ) ) ;
#578 = LINE ( 'NONE', #1852, #1426 ) ;
#579 = VECTOR ( 'NONE', #1628, 1000.000000000000000 ) ;
#580 = EDGE_CURVE ( 'NONE', #1235, #2455, #1026, .T. ) ;
#581 = ORIENTED_EDGE ( 'NONE', *, *, #593, .F. ) ;
#582 = CIRCLE ( 'NONE', #86, 1.499999999999999556 ) ;
#583 = EDGE_LOOP ( 'NONE', ( #2128, #706, #1883, #2632 ) ) ;
#584 = FACE_OUTER_BOUND ( 'NONE', #891, .T. ) ;
#585 = AXIS2_PLACEMENT_3D ( 'NONE', #603, #793, #1036 ) ;
#586 = DIRECTION ( 'NONE',  ( -1.000000000000000000, -0.000000000000000000, -1.047444401652940007E-14 ) ) ;
#587 = ORIENTED_EDGE ( 'NONE', *, *, #687, .T. ) ;
#588 = AXIS2_PLACEMENT_3D ( 'NONE', #2393, #658, #2380 ) ;
#589 = CARTESIAN_POINT ( 'NONE',  ( 6.560660171779083782, 100.0000000000000000, -5.499999999999976907 ) ) ;
#590 = CARTESIAN_POINT ( 'NONE',  ( 3.899999999999994582, 100.0000000000000000, 2.010912703474286189 ) ) ;
#591 = EDGE_CURVE ( 'NONE', #2042, #1479, #2732, .T. ) ;
#592 = FACE_OUTER_BOUND ( 'NONE', #2707, .T. ) ;
#593 = EDGE_CURVE ( 'NONE', #1389, #416, #2051, .T. ) ;
#594 = CARTESIAN_POINT ( 'NONE',  ( -3.399999999999999467, 100.0000000000000000, -9.700000000000001066 ) ) ;
#595 = EDGE_CURVE ( 'NONE', #1602, #535, #1447, .T. ) ;
#596 = ORIENTED_EDGE ( 'NONE', *, *, #2038, .F. ) ;
#597 = ORIENTED_EDGE ( 'NONE', *, *, #1467, .F. ) ;
#598 = DIRECTION ( 'NONE',  ( -0.000000000000000000, 1.000000000000000000, -0.000000000000000000 ) ) ;
#599 = EDGE_CURVE ( 'NONE', #939, #1687, #1837, .T. ) ;
#600 = DIRECTION ( 'NONE',  ( -0.000000000000000000, 1.000000000000000000, 0.000000000000000000 ) ) ;
#601 = ORIENTED_EDGE ( 'NONE', *, *, #2371, .T. ) ;
#602 = DIRECTION ( 'NONE',  ( 0.000000000000000000, 0.000000000000000000, 1.000000000000000000 ) ) ;
#603 = CARTESIAN_POINT ( 'NONE',  ( 3.100000000000000089, 0.000000000000000000, -8.200000000000002842 ) ) ;
#604 = ORIENTED_EDGE ( 'NONE', *, *, #1646, .T. ) ;
#605 = DIRECTION ( 'NONE',  ( 1.000000000000000000, 0.000000000000000000, 0.000000000000000000 ) ) ;
#606 = PLANE ( 'NONE',  #2724 ) ;
#607 = LINE ( 'NONE', #1710, #177 ) ;
#608 = EDGE_CURVE ( 'NONE', #550, #1042, #2533, .T. ) ;
#609 = ORIENTED_EDGE ( 'NONE', *, *, #2569, .T. ) ;
#610 = VERTEX_POINT ( 'NONE', #1184 ) ;
#611 = ORIENTED_EDGE ( 'NONE', *, *, #48, .F. ) ;
#612 = DIRECTION ( 'NONE',  ( -0.000000000000000000, 1.000000000000000000, -0.000000000000000000 ) ) ;
#613 = CARTESIAN_POINT ( 'NONE',  ( 8.500000000000000000, 100.0000000000000000, -10.00000000000000178 ) ) ;
#614 = ORIENTED_EDGE ( 'NONE', *, *, #1818, .F. ) ;
#615 = CARTESIAN_POINT ( 'NONE',  ( -9.700000000000036593, 0.000000000000000000, 3.399999999999897771 ) ) ;
#616 = DIRECTION ( 'NONE',  ( 1.071949582207983011E-14, 0.000000000000000000, -1.000000000000000000 ) ) ;
#617 = AXIS2_PLACEMENT_3D ( 'NONE', #1329, #1116, #903 ) ;
#618 = ORIENTED_EDGE ( 'NONE', *, *, #801, .F. ) ;
#619 = DIRECTION ( 'NONE',  ( -0.000000000000000000, 1.000000000000000000, -0.000000000000000000 ) ) ;
#620 = LINE ( 'NONE', #191, #1363 ) ;
#621 = DIRECTION ( 'NONE',  ( -0.000000000000000000, 1.000000000000000000, -0.000000000000000000 ) ) ;
#622 = CARTESIAN_POINT ( 'NONE',  ( -3.600000000000000089, 0.000000000000000000, 10.00000000000000888 ) ) ;
#623 = ORIENTED_EDGE ( 'NONE', *, *, #353, .F. ) ;
#624 = ADVANCED_FACE ( 'NONE', ( #2312 ), #362, .T. ) ;
#625 = EDGE_CURVE ( 'NONE', #789, #2324, #1460, .T. ) ;
#626 = AXIS2_PLACEMENT_3D ( 'NONE', #1704, #1899, #1276 ) ;
#627 = ORIENTED_EDGE ( 'NONE', *, *, #2611, .T. ) ;
#628 = AXIS2_PLACEMENT_3D ( 'NONE', #1132, #1839, #2439 ) ;
#629 = VECTOR ( 'NONE', #2459, 1000.000000000000000 ) ;
#630 = ORIENTED_EDGE ( 'NONE', *, *, #1142, .T. ) ;
#631 = EDGE_CURVE ( 'NONE', #1745, #474, #833, .T. ) ;
#632 = CARTESIAN_POINT ( 'NONE',  ( -2.010912703474272867, 0.000000000000000000, 3.900000000000001688 ) ) ;
#633 = VECTOR ( 'NONE', #1974, 1000.000000000000000 ) ;
#634 = PLANE ( 'NONE',  #2601 ) ;
#635 = ORIENTED_EDGE ( 'NONE', *, *, #1180, .F. ) ;
#636 = CARTESIAN_POINT ( 'NONE',  ( 3.100000000000000089, 0.000000000000000000, 9.500000000000063949 ) ) ;
#637 = VERTEX_POINT ( 'NONE', #1246 ) ;
#638 = CIRCLE ( 'NONE', #962, 0.2000000000000013989 ) ;
#639 = PLANE ( 'NONE',  #1059 ) ;
#640 = CIRCLE ( 'NONE', #869, 0.2000000000000022593 ) ;
#641 = DIRECTION ( 'NONE',  ( -1.000000000000000000, 0.000000000000000000, -1.047444401652940007E-14 ) ) ;
#642 = EDGE_CURVE ( 'NONE', #1627, #466, #2764, .T. ) ;
#643 = DIRECTION ( 'NONE',  ( 0.000000000000000000, 0.000000000000000000, -1.000000000000000000 ) ) ;
#644 = DIRECTION ( 'NONE',  ( 0.000000000000000000, 0.000000000000000000, 1.000000000000000000 ) ) ;
#645 = VERTEX_POINT ( 'NONE', #589 ) ;
#646 = ORIENTED_EDGE ( 'NONE', *, *, #548, .T. ) ;
#647 = ORIENTED_EDGE ( 'NONE', *, *, #1110, .T. ) ;
#648 = FACE_OUTER_BOUND ( 'NONE', #566, .T. ) ;
#649 = LINE ( 'NONE', #1518, #2412 ) ;
#650 = ORIENTED_EDGE ( 'NONE', *, *, #2737, .F. ) ;
#651 = DIRECTION ( 'NONE',  ( 0.000000000000000000, -1.000000000000000000, 0.000000000000000000 ) ) ;
#652 = ADVANCED_FACE ( 'NONE', ( #1688 ), #1048, .F. ) ;
#653 = FACE_OUTER_BOUND ( 'NONE', #1706, .T. ) ;
#654 = LINE ( 'NONE', #407, #194 ) ;
#655 = DIRECTION ( 'NONE',  ( -1.000000000000000000, 0.000000000000000000, 2.197316402903959271E-13 ) ) ;
#656 = VECTOR ( 'NONE', #446, 1000.000000000000000 ) ;
#657 = CARTESIAN_POINT ( 'NONE',  ( 8.199999999999992184, 0.000000000000000000, 3.100000000000028511 ) ) ;
#658 = DIRECTION ( 'NONE',  ( 0.000000000000000000, 1.000000000000000000, 0.000000000000000000 ) ) ;
#659 = EDGE_CURVE ( 'NONE', #2608, #2034, #818, .T. ) ;
#660 = ORIENTED_EDGE ( 'NONE', *, *, #1701, .T. ) ;
#661 = ORIENTED_EDGE ( 'NONE', *, *, #591, .T. ) ;
#662 = CARTESIAN_POINT ( 'NONE',  ( 10.00000000000002132, 0.000000000000000000, -3.599999999999964562 ) ) ;
#663 = ORIENTED_EDGE ( 'NONE', *, *, #2528, .F. ) ;
#664 = DIRECTION ( 'NONE',  ( 0.000000000000000000, 0.000000000000000000, -1.000000000000000000 ) ) ;
#665 = ORIENTED_EDGE ( 'NONE', *, *, #1094, .F. ) ;
#666 = DIRECTION ( 'NONE',  ( 1.000000000000000000, -0.000000000000000000, 3.491481338843133355E-15 ) ) ;
#667 = SURFACE_STYLE_FILL_AREA ( #1754 ) ;
#668 = PLANE ( 'NONE',  #338 ) ;
#669 = CARTESIAN_POINT ( 'NONE',  ( -6.560660171779121974, 0.000000000000000000, 5.499999999999930722 ) ) ;
#670 = FACE_OUTER_BOUND ( 'NONE', #1428, .T. ) ;
#671 = DIRECTION ( 'NONE',  ( 0.000000000000000000, -0.000000000000000000, -1.000000000000000000 ) ) ;
#672 = ADVANCED_FACE ( 'NONE', ( #2337 ), #2325, .F. ) ;
#673 = ADVANCED_FACE ( 'NONE', ( #372 ), #2117, .F. ) ;
#674 = ORIENTED_EDGE ( 'NONE', *, *, #599, .T. ) ;
#675 = EDGE_LOOP ( 'NONE', ( #2712, #1303, #260, #842 ) ) ;
#676 = DIRECTION ( 'NONE',  ( 0.000000000000000000, 0.000000000000000000, 1.000000000000000000 ) ) ;
#677 = ORIENTED_EDGE ( 'NONE', *, *, #1108, .F. ) ;
#678 = LINE ( 'NONE', #1565, #1498 ) ;
#679 = VECTOR ( 'NONE', #2497, 1000.000000000000000 ) ;
#680 = ORIENTED_EDGE ( 'NONE', *, *, #1347, .T. ) ;
#681 = CARTESIAN_POINT ( 'NONE',  ( -10.00000000000004619, 0.000000000000000000, 3.599999999999894840 ) ) ;
#682 = CARTESIAN_POINT ( 'NONE',  ( -10.00000000000000178, 100.0000000000000000, 9.999999999999998224 ) ) ;
#683 = DIRECTION ( 'NONE',  ( 1.000000000000000000, 0.000000000000000000, 3.491481338843133355E-15 ) ) ;
#684 = CYLINDRICAL_SURFACE ( 'NONE', #1129, 1.999999999999973133 ) ;
#685 = CARTESIAN_POINT ( 'NONE',  ( 8.199999999999965539, 0.000000000000000000, 5.500000000000028422 ) ) ;
#686 = DIRECTION ( 'NONE',  ( -0.7071067811866412756, 0.000000000000000000, -0.7071067811864537589 ) ) ;
#687 = EDGE_CURVE ( 'NONE', #1873, #2116, #1472, .T. ) ;
#688 = VECTOR ( 'NONE', #262, 1000.000000000000000 ) ;
#689 = ORIENTED_EDGE ( 'NONE', *, *, #562, .T. ) ;
#690 = EDGE_CURVE ( 'NONE', #1914, #1948, #385, .T. ) ;
#691 = SURFACE_SIDE_STYLE ('',( #1960 ) ) ;
#692 = ORIENTED_EDGE ( 'NONE', *, *, #781, .F. ) ;
#693 = CARTESIAN_POINT ( 'NONE',  ( 8.499999999999998224, 100.0000000000000000, 8.499999999999998224 ) ) ;
#694 = ORIENTED_EDGE ( 'NONE', *, *, #48, .T. ) ;
#695 = LINE ( 'NONE', #2221, #688 ) ;
#696 = ADVANCED_FACE ( 'NONE', ( #2134 ), #2612, .F. ) ;
#697 = SURFACE_SIDE_STYLE ('',( #667 ) ) ;
#698 = VECTOR ( 'NONE', #2294, 1000.000000000000000 ) ;
#699 = CARTESIAN_POINT ( 'NONE',  ( -9.500000000000030198, 0.000000000000000000, -3.100000000000099121 ) ) ;
#700 = CARTESIAN_POINT ( 'NONE',  ( 3.399999999999999467, 100.0000000000000000, -9.700000000000001066 ) ) ;
#701 = CARTESIAN_POINT ( 'NONE',  ( -8.199999999999969091, 100.0000000000000000, -3.100000000000085798 ) ) ;
#702 = CARTESIAN_POINT ( 'NONE',  ( 8.500000000000000000, 0.000000000000000000, 9.999999999999998224 ) ) ;
#703 = ORIENTED_EDGE ( 'NONE', *, *, #2080, .T. ) ;
#704 = VECTOR ( 'NONE', #322, 1000.000000000000000 ) ;
#705 =( NAMED_UNIT ( * ) PLANE_ANGLE_UNIT ( ) SI_UNIT ( $, .RADIAN. ) );
#706 = ORIENTED_EDGE ( 'NONE', *, *, #1260, .F. ) ;
#707 = DIRECTION ( 'NONE',  ( 0.000000000000000000, -1.000000000000000000, 0.000000000000000000 ) ) ;
#708 = EDGE_LOOP ( 'NONE', ( #665, #2574, #604, #1825 ) ) ;
#709 = CARTESIAN_POINT ( 'NONE',  ( -2.010912703474272867, 0.000000000000000000, -3.900000000000001688 ) ) ;
#710 = FACE_OUTER_BOUND ( 'NONE', #1240, .T. ) ;
#711 = DIRECTION ( 'NONE',  ( -0.7071067811866412756, 0.000000000000000000, 0.7071067811864537589 ) ) ;
#712 = CARTESIAN_POINT ( 'NONE',  ( -2.087450582758924949E-12, 100.0000000000000000, -9.500000000000746070 ) ) ;
#713 = CARTESIAN_POINT ( 'NONE',  ( 2.571758278209441957E-16, 100.0000000000000000, 2.100000000000000089 ) ) ;
#714 = ORIENTED_EDGE ( 'NONE', *, *, #1147, .T. ) ;
#715 =( NAMED_UNIT ( * ) SI_UNIT ( $, .STERADIAN. ) SOLID_ANGLE_UNIT ( ) );
#716 = EDGE_LOOP ( 'NONE', ( #1940, #1050, #488, #1673 ) ) ;
#717 = EDGE_CURVE ( 'NONE', #114, #2089, #1636, .T. ) ;
#718 = CARTESIAN_POINT ( 'NONE',  ( -1.920314736363723345E-14, 100.0000000000000000, 5.500000000000000000 ) ) ;
#719 = VECTOR ( 'NONE', #568, 1000.000000000000000 ) ;
#720 = ORIENTED_EDGE ( 'NONE', *, *, #1851, .T. ) ;
#721 = EDGE_CURVE ( 'NONE', #2396, #1987, #1755, .T. ) ;
#722 = CARTESIAN_POINT ( 'NONE',  ( 3.100000000000000089, 100.0000000000000000, 0.000000000000000000 ) ) ;
#723 = PLANE ( 'NONE',  #2547 ) ;
#724 = LINE ( 'NONE', #452, #759 ) ;
#725 = VERTEX_POINT ( 'NONE', #884 ) ;
#726 = CARTESIAN_POINT ( 'NONE',  ( -10.00000000000000178, 0.000000000000000000, 8.499999999999998224 ) ) ;
#727 = LINE ( 'NONE', #518, #2153 ) ;
#728 = AXIS2_PLACEMENT_3D ( 'NONE', #1534, #2637, #940 ) ;
#729 = VERTEX_POINT ( 'NONE', #2563 ) ;
#730 = VECTOR ( 'NONE', #1322, 1000.000000000000000 ) ;
#731 = EDGE_CURVE ( 'NONE', #2636, #1420, #1038, .T. ) ;
#732 = VECTOR ( 'NONE', #1057, 1000.000000000000000 ) ;
#733 = EDGE_LOOP ( 'NONE', ( #2512, #1911, #907, #941 ) ) ;
#734 = CARTESIAN_POINT ( 'NONE',  ( -2.010912703474272867, 100.0000000000000000, -3.900000000000001688 ) ) ;
#735 = ORIENTED_EDGE ( 'NONE', *, *, #1679, .F. ) ;
#736 = CARTESIAN_POINT ( 'NONE',  ( -4.485786437626888556, 100.0000000000000000, 3.425126265847190155 ) ) ;
#737 = CYLINDRICAL_SURFACE ( 'NONE', #275, 2.100000000000000089 ) ;
#738 = ADVANCED_FACE ( 'NONE', ( #1692 ), #1249, .F. ) ;
#739 = DIRECTION ( 'NONE',  ( 0.000000000000000000, 0.000000000000000000, 1.000000000000000000 ) ) ;
#740 = VERTEX_POINT ( 'NONE', #837 ) ;
#741 = DIRECTION ( 'NONE',  ( 1.000000000000000000, 0.000000000000000000, -0.000000000000000000 ) ) ;
#742 = PLANE ( 'NONE',  #560 ) ;
#743 = VERTEX_POINT ( 'NONE', #1296 ) ;
#744 = PRODUCT_DEFINITION ( 'UNKNOWN', '', #2088, #799 ) ;
#745 = CIRCLE ( 'NONE', #1115, 1.999999999999973133 ) ;
#746 = LINE ( 'NONE', #981, #2727 ) ;
#747 = VECTOR ( 'NONE', #215, 1000.000000000000000 ) ;
#748 = ORIENTED_EDGE ( 'NONE', *, *, #2708, .F. ) ;
#749 = CARTESIAN_POINT ( 'NONE',  ( -5.500000000000000000, 0.000000000000000000, -6.560660171779064243 ) ) ;
#750 = FACE_OUTER_BOUND ( 'NONE', #130, .T. ) ;
#751 = ORIENTED_EDGE ( 'NONE', *, *, #264, .T. ) ;
#752 = CARTESIAN_POINT ( 'NONE',  ( 3.900000000000008349, 0.000000000000000000, -2.010912703474259544 ) ) ;
#753 = ORIENTED_EDGE ( 'NONE', *, *, #1053, .F. ) ;
#754 = CARTESIAN_POINT ( 'NONE',  ( 5.500000000000000000, 0.000000000000000000, -8.199999999999985079 ) ) ;
#755 = DIRECTION ( 'NONE',  ( 0.7071067811866487141, 0.000000000000000000, -0.7071067811864463204 ) ) ;
#756 = EDGE_CURVE ( 'NONE', #2320, #1842, #620, .T. ) ;
#757 = ORIENTED_EDGE ( 'NONE', *, *, #2772, .T. ) ;
#758 = EDGE_CURVE ( 'NONE', #290, #2059, #2121, .T. ) ;
#759 = VECTOR ( 'NONE', #1159, 1000.000000000000000 ) ;
#760 = FACE_OUTER_BOUND ( 'NONE', #320, .T. ) ;
#761 = VERTEX_POINT ( 'NONE', #2800 ) ;
#762 = CARTESIAN_POINT ( 'NONE',  ( -2.010912703474272867, 100.0000000000000000, -5.900000000000001243 ) ) ;
#763 = CARTESIAN_POINT ( 'NONE',  ( 4.485786437626959611, 0.000000000000000000, -3.425126265847316720 ) ) ;
#764 = ORIENTED_EDGE ( 'NONE', *, *, #123, .T. ) ;
#765 = CYLINDRICAL_SURFACE ( 'NONE', #2177, 1.999999999999973133 ) ;
#766 = ORIENTED_EDGE ( 'NONE', *, *, #1871, .T. ) ;
#767 = VECTOR ( 'NONE', #402, 1000.000000000000000 ) ;
#768 = CARTESIAN_POINT ( 'NONE',  ( -10.00000000000000178, 100.0000000000000000, -10.00000000000000178 ) ) ;
#769 = CIRCLE ( 'NONE', #36, 2.100000000000000089 ) ;
#770 = ORIENTED_EDGE ( 'NONE', *, *, #1854, .F. ) ;
#771 = VECTOR ( 'NONE', #1749, 1000.000000000000000 ) ;
#772 = ADVANCED_FACE ( 'NONE', ( #1264 ), #606, .F. ) ;
#773 = EDGE_CURVE ( 'NONE', #1215, #1241, #2579, .T. ) ;
#774 = EDGE_CURVE ( 'NONE', #99, #1633, #2748, .T. ) ;
#775 = AXIS2_PLACEMENT_3D ( 'NONE', #185, #2542, #1024 ) ;
#776 = DIRECTION ( 'NONE',  ( 0.000000000000000000, 0.000000000000000000, -1.000000000000000000 ) ) ;
#777 = CARTESIAN_POINT ( 'NONE',  ( -4.485786437626982703, 0.000000000000000000, 3.425126265847285190 ) ) ;
#778 = CARTESIAN_POINT ( 'NONE',  ( 3.899999999999994582, 0.000000000000000000, 2.010912703474286189 ) ) ;
#779 = ORIENTED_EDGE ( 'NONE', *, *, #39, .T. ) ;
#780 = CARTESIAN_POINT ( 'NONE',  ( 5.500000000000000000, 0.000000000000000000, -6.560660171779064243 ) ) ;
#781 = EDGE_CURVE ( 'NONE', #1804, #2396, #654, .T. ) ;
#782 = DIRECTION ( 'NONE',  ( 0.7071067811866412756, -0.000000000000000000, 0.7071067811864537589 ) ) ;
#783 = DIRECTION ( 'NONE',  ( -0.000000000000000000, 0.000000000000000000, 1.000000000000000000 ) ) ;
#784 = VECTOR ( 'NONE', #2524, 1000.000000000000000 ) ;
#785 = LINE ( 'NONE', #993, #2540 ) ;
#786 = EDGE_LOOP ( 'NONE', ( #2124, #306, #1291, #1410 ) ) ;
#787 = DIRECTION ( 'NONE',  ( -2.197316402903959271E-13, 0.000000000000000000, 1.000000000000000000 ) ) ;
#788 = FACE_OUTER_BOUND ( 'NONE', #181, .T. ) ;
#789 = VERTEX_POINT ( 'NONE', #1069 ) ;
#790 = VECTOR ( 'NONE', #1874, 1000.000000000000000 ) ;
#791 = DIRECTION ( 'NONE',  ( -0.7071067811866412756, 0.000000000000000000, -0.7071067811864537589 ) ) ;
#792 = EDGE_CURVE ( 'NONE', #1466, #1842, #2377, .T. ) ;
#793 = DIRECTION ( 'NONE',  ( 1.000000000000000000, 0.000000000000000000, 0.000000000000000000 ) ) ;
#794 = DIRECTION ( 'NONE',  ( -1.000000000000000000, 0.000000000000000000, -0.000000000000000000 ) ) ;
#795 = ORIENTED_EDGE ( 'NONE', *, *, #1728, .T. ) ;
#796 = ORIENTED_EDGE ( 'NONE', *, *, #1582, .F. ) ;
#797 = ADVANCED_FACE ( 'NONE', ( #436 ), #668, .F. ) ;
#798 = CARTESIAN_POINT ( 'NONE',  ( -3.399999999999999467, 0.000000000000000000, -9.499999999999998224 ) ) ;
#799 = PRODUCT_DEFINITION_CONTEXT ( 'detailed design', #821, 'design' ) ;
#800 = CARTESIAN_POINT ( 'NONE',  ( -1.082359215041371340E-14, 100.0000000000000000, 3.100000000000000089 ) ) ;
#801 = EDGE_CURVE ( 'NONE', #2299, #1864, #824, .T. ) ;
#802 = ORIENTED_EDGE ( 'NONE', *, *, #2409, .T. ) ;
#803 = PLANE ( 'NONE',  #952 ) ;
#804 = LINE ( 'NONE', #1705, #1452 ) ;
#805 = EDGE_CURVE ( 'NONE', #963, #226, #2341, .T. ) ;
#806 = CARTESIAN_POINT ( 'NONE',  ( 3.425126265847351803, 0.000000000000000000, -4.485786437626927636 ) ) ;
#807 = VECTOR ( 'NONE', #2091, 1000.000000000000000 ) ;
#808 = AXIS2_PLACEMENT_3D ( 'NONE', #2713, #1419, #1856 ) ;
#809 = EDGE_CURVE ( 'NONE', #200, #2138, #2152, .T. ) ;
#810 = VERTEX_POINT ( 'NONE', #2390 ) ;
#811 = COLOUR_RGB ( '',0.8980392156862745390, 0.9176470588235293713, 0.9294117647058823817 ) ;
#812 = ORIENTED_EDGE ( 'NONE', *, *, #973, .T. ) ;
#813 = AXIS2_PLACEMENT_3D ( 'NONE', #512, #2289, #1875 ) ;
#814 = CARTESIAN_POINT ( 'NONE',  ( -5.500000000000000000, 0.000000000000000000, 6.560660171779064243 ) ) ;
#815 = CARTESIAN_POINT ( 'NONE',  ( 9.999999999999996447, 0.000000000000000000, 3.600000000000035172 ) ) ;
#816 = ORIENTED_EDGE ( 'NONE', *, *, #631, .F. ) ;
#817 = VECTOR ( 'NONE', #2658, 1000.000000000000000 ) ;
#818 = LINE ( 'NONE', #2129, #1721 ) ;
#819 = CARTESIAN_POINT ( 'NONE',  ( 3.100000000000000089, 0.000000000000000000, -8.200000000000002842 ) ) ;
#820 = ORIENTED_EDGE ( 'NONE', *, *, #899, .F. ) ;
#821 = APPLICATION_CONTEXT ( 'automotive_design' ) ;
#822 = CARTESIAN_POINT ( 'NONE',  ( 2.010912703474272867, 0.000000000000000000, 5.900000000000001243 ) ) ;
#823 = EDGE_CURVE ( 'NONE', #1607, #1645, #108, .T. ) ;
#824 = LINE ( 'NONE', #1476, #1659 ) ;
#825 = LINE ( 'NONE', #2616, #1910 ) ;
#826 = ORIENTED_EDGE ( 'NONE', *, *, #805, .T. ) ;
#827 = VECTOR ( 'NONE', #2014, 1000.000000000000000 ) ;
#828 = VERTEX_POINT ( 'NONE', #357 ) ;
#829 = ORIENTED_EDGE ( 'NONE', *, *, #1844, .F. ) ;
#830 = DIRECTION ( 'NONE',  ( -0.000000000000000000, 0.000000000000000000, -1.000000000000000000 ) ) ;
#831 = LINE ( 'NONE', #1445, #2648 ) ;
#832 = ORIENTED_EDGE ( 'NONE', *, *, #838, .T. ) ;
#833 = LINE ( 'NONE', #2575, #1223 ) ;
#834 = DIRECTION ( 'NONE',  ( -1.000000000000000000, 0.000000000000000000, -0.000000000000000000 ) ) ;
#835 = ORIENTED_EDGE ( 'NONE', *, *, #731, .F. ) ;
#836 = LINE ( 'NONE', #1294, #2659 ) ;
#837 = CARTESIAN_POINT ( 'NONE',  ( 9.700000000000011724, 100.0000000000000000, -3.599999999999965894 ) ) ;
#838 = EDGE_CURVE ( 'NONE', #2638, #1732, #2751, .T. ) ;
#839 = DIRECTION ( 'NONE',  ( 0.000000000000000000, 0.000000000000000000, -1.000000000000000000 ) ) ;
#840 = LINE ( 'NONE', #1970, #551 ) ;
#841 = EDGE_CURVE ( 'NONE', #1107, #1948, #1846, .T. ) ;
#842 = ORIENTED_EDGE ( 'NONE', *, *, #1029, .F. ) ;
#843 = ORIENTED_EDGE ( 'NONE', *, *, #548, .F. ) ;
#844 = ORIENTED_EDGE ( 'NONE', *, *, #1994, .F. ) ;
#845 = DIRECTION ( 'NONE',  ( -2.162401589515528064E-13, 0.000000000000000000, -1.000000000000000000 ) ) ;
#846 = DIRECTION ( 'NONE',  ( 2.302060843069253146E-13, 0.000000000000000000, -1.000000000000000000 ) ) ;
#847 = ORIENTED_EDGE ( 'NONE', *, *, #2768, .F. ) ;
#848 = CARTESIAN_POINT ( 'NONE',  ( -10.00000000000000178, 0.000000000000000000, -8.500000000000003553 ) ) ;
#849 = ORIENTED_EDGE ( 'NONE', *, *, #934, .T. ) ;
#850 = DIRECTION ( 'NONE',  ( -0.000000000000000000, 1.000000000000000000, -0.000000000000000000 ) ) ;
#851 = DIRECTION ( 'NONE',  ( -0.000000000000000000, 1.000000000000000000, 0.000000000000000000 ) ) ;
#852 = DIRECTION ( 'NONE',  ( 0.7071067811866412756, 0.000000000000000000, 0.7071067811864537589 ) ) ;
#853 = VECTOR ( 'NONE', #930, 1000.000000000000000 ) ;
#854 = DIRECTION ( 'NONE',  ( 0.000000000000000000, 0.000000000000000000, 1.000000000000000000 ) ) ;
#855 = ORIENTED_EDGE ( 'NONE', *, *, #1052, .F. ) ;
#856 = AXIS2_PLACEMENT_3D ( 'NONE', #1887, #2706, #2495 ) ;
#857 = VERTEX_POINT ( 'NONE', #2716 ) ;
#858 = VECTOR ( 'NONE', #2183, 1000.000000000000000 ) ;
#859 = EDGE_CURVE ( 'NONE', #2420, #1909, #2073, .T. ) ;
#860 = VERTEX_POINT ( 'NONE', #563 ) ;
#861 = DIRECTION ( 'NONE',  ( -0.000000000000000000, 1.000000000000000000, -0.000000000000000000 ) ) ;
#862 = VECTOR ( 'NONE', #561, 1000.000000000000000 ) ;
#863 = CARTESIAN_POINT ( 'NONE',  ( 4.485786437626959611, 0.000000000000000000, -3.425126265847316720 ) ) ;
#864 = ORIENTED_EDGE ( 'NONE', *, *, #973, .F. ) ;
#865 = CARTESIAN_POINT ( 'NONE',  ( 3.425126265847246554, 100.0000000000000000, -4.485786437626843259 ) ) ;
#866 = VECTOR ( 'NONE', #1355, 1000.000000000000000 ) ;
#867 = VECTOR ( 'NONE', #2310, 1000.000000000000000 ) ;
#868 = CARTESIAN_POINT ( 'NONE',  ( 5.500000000000000000, 100.0000000000000000, 0.000000000000000000 ) ) ;
#869 = AXIS2_PLACEMENT_3D ( 'NONE', #594, #2773, #1743 ) ;
#870 = CARTESIAN_POINT ( 'NONE',  ( -10.00000000000000178, 100.0000000000000000, -10.00000000000000178 ) ) ;
#871 = DIRECTION ( 'NONE',  ( -2.197316402903959271E-13, 0.000000000000000000, -1.000000000000000000 ) ) ;
#872 = LINE ( 'NONE', #2599, #315 ) ;
#873 = DIRECTION ( 'NONE',  ( 0.000000000000000000, 1.000000000000000000, 0.000000000000000000 ) ) ;
#874 = ORIENTED_EDGE ( 'NONE', *, *, #1818, .T. ) ;
#875 = VERTEX_POINT ( 'NONE', #2061 ) ;
#876 = DIRECTION ( 'NONE',  ( -1.000000000000000000, 0.000000000000000000, -2.197316402903959271E-13 ) ) ;
#877 = VERTEX_POINT ( 'NONE', #2518 ) ;
#878 = CARTESIAN_POINT ( 'NONE',  ( -6.560660171779121974, 0.000000000000000000, 5.499999999999930722 ) ) ;
#879 = VECTOR ( 'NONE', #2327, 1000.000000000000000 ) ;
#880 = ORIENTED_EDGE ( 'NONE', *, *, #465, .F. ) ;
#881 = LINE ( 'NONE', #2593, #358 ) ;
#882 = DIRECTION ( 'NONE',  ( 0.000000000000000000, 0.000000000000000000, 1.000000000000000000 ) ) ;
#883 = EDGE_CURVE ( 'NONE', #1269, #1079, #1927, .T. ) ;
#884 = CARTESIAN_POINT ( 'NONE',  ( -4.485786437626806844, 100.0000000000000000, -3.425126265847293627 ) ) ;
#885 = VECTOR ( 'NONE', #1016, 1000.000000000000000 ) ;
#886 = DIRECTION ( 'NONE',  ( -0.7071067811864537589, 0.000000000000000000, -0.7071067811866412756 ) ) ;
#887 = CIRCLE ( 'NONE', #2108, 1.499999999999999556 ) ;
#888 = CARTESIAN_POINT ( 'NONE',  ( -3.900000000000023004, 0.000000000000000000, 2.010912703474232011 ) ) ;
#889 = FACE_OUTER_BOUND ( 'NONE', #2132, .T. ) ;
#890 = EDGE_LOOP ( 'NONE', ( #1820, #843, #530, #2165 ) ) ;
#891 = EDGE_LOOP ( 'NONE', ( #2359, #2235, #1442, #847 ) ) ;
#892 = CARTESIAN_POINT ( 'NONE',  ( -3.399999999999999467, 0.000000000000000000, 9.700000000000001066 ) ) ;
#893 = ORIENTED_EDGE ( 'NONE', *, *, #2569, .F. ) ;
#894 = CARTESIAN_POINT ( 'NONE',  ( -5.899999999999980815, 100.0000000000000000, -2.010912703474334595 ) ) ;
#895 = VERTEX_POINT ( 'NONE', #983 ) ;
#896 = ADVANCED_FACE ( 'NONE', ( #132 ), #1023, .F. ) ;
#897 = LINE ( 'NONE', #1822, #2180 ) ;
#898 = CARTESIAN_POINT ( 'NONE',  ( 3.425126265847237228, 100.0000000000000000, 4.485786437626852141 ) ) ;
#899 = EDGE_CURVE ( 'NONE', #293, #1301, #1195, .T. ) ;
#900 = AXIS2_PLACEMENT_3D ( 'NONE', #1982, #1995, #2211 ) ;
#901 = LINE ( 'NONE', #69, #1086 ) ;
#902 = EDGE_CURVE ( 'NONE', #2299, #2420, #426, .T. ) ;
#903 = DIRECTION ( 'NONE',  ( 0.000000000000000000, 0.000000000000000000, -1.000000000000000000 ) ) ;
#904 = DIRECTION ( 'NONE',  ( 1.071949582207983169E-14, 0.000000000000000000, -1.000000000000000000 ) ) ;
#905 = LINE ( 'NONE', #2673, #1554 ) ;
#906 = ORIENTED_EDGE ( 'NONE', *, *, #1279, .F. ) ;
#907 = ORIENTED_EDGE ( 'NONE', *, *, #2286, .T. ) ;
#908 = EDGE_CURVE ( 'NONE', #135, #2324, #1434, .T. ) ;
#909 = DIRECTION ( 'NONE',  ( 0.000000000000000000, -1.000000000000000000, 0.000000000000000000 ) ) ;
#910 = ORIENTED_EDGE ( 'NONE', *, *, #687, .F. ) ;
#911 = CARTESIAN_POINT ( 'NONE',  ( 8.199999999999992184, 100.0000000000000000, 3.100000000000028511 ) ) ;
#912 = AXIS2_PLACEMENT_3D ( 'NONE', #2410, #1330, #2580 ) ;
#913 = ORIENTED_EDGE ( 'NONE', *, *, #1994, .T. ) ;
#914 = CARTESIAN_POINT ( 'NONE',  ( 2.010912703474272867, 0.000000000000000000, -3.900000000000001688 ) ) ;
#915 = LINE ( 'NONE', #2405, #2104 ) ;
#916 = CARTESIAN_POINT ( 'NONE',  ( 9.499999999999985789, 100.0000000000000000, 3.400000000000010569 ) ) ;
#917 = CARTESIAN_POINT ( 'NONE',  ( -3.600000000000000089, 100.0000000000000000, -9.700000000000001066 ) ) ;
#918 = VECTOR ( 'NONE', #323, 1000.000000000000000 ) ;
#919 = CARTESIAN_POINT ( 'NONE',  ( 3.900000000000008349, 0.000000000000000000, -2.010912703474259544 ) ) ;
#920 = DIRECTION ( 'NONE',  ( 0.000000000000000000, 0.000000000000000000, 1.000000000000000000 ) ) ;
#921 = VERTEX_POINT ( 'NONE', #798 ) ;
#922 = CARTESIAN_POINT ( 'NONE',  ( 3.600000000000000089, 0.000000000000000000, 10.00000000000000888 ) ) ;
#923 = VERTEX_POINT ( 'NONE', #552 ) ;
#924 = CARTESIAN_POINT ( 'NONE',  ( 8.200000000000004619, 0.000000000000000000, -5.499999999999970690 ) ) ;
#925 = ORIENTED_EDGE ( 'NONE', *, *, #1441, .T. ) ;
#926 = ORIENTED_EDGE ( 'NONE', *, *, #2314, .F. ) ;
#927 = DIRECTION ( 'NONE',  ( -0.7071067811864562014, 0.000000000000000000, 0.7071067811866388331 ) ) ;
#928 = FACE_OUTER_BOUND ( 'NONE', #1576, .T. ) ;
#929 = VECTOR ( 'NONE', #1427, 1000.000000000000000 ) ;
#930 = DIRECTION ( 'NONE',  ( 1.000000000000000000, 0.000000000000000000, 3.491481338843133355E-15 ) ) ;
#931 = CARTESIAN_POINT ( 'NONE',  ( 8.500000000000000000, 100.0000000000000000, 9.999999999999998224 ) ) ;
#932 = CARTESIAN_POINT ( 'NONE',  ( 0.000000000000000000, 0.000000000000000000, 0.000000000000000000 ) ) ;
#933 = LINE ( 'NONE', #1162, #1286 ) ;
#934 = EDGE_CURVE ( 'NONE', #2083, #1682, #573, .T. ) ;
#935 = ORIENTED_EDGE ( 'NONE', *, *, #1797, .T. ) ;
#936 = ADVANCED_FACE ( 'NONE', ( #527, #2288 ), #334, .T. ) ;
#937 = VECTOR ( 'NONE', #391, 1000.000000000000000 ) ;
#938 = DIRECTION ( 'NONE',  ( 0.000000000000000000, 0.000000000000000000, -1.000000000000000000 ) ) ;
#939 = VERTEX_POINT ( 'NONE', #2300 ) ;
#940 = DIRECTION ( 'NONE',  ( 0.000000000000000000, 0.000000000000000000, 1.000000000000000000 ) ) ;
#941 = ORIENTED_EDGE ( 'NONE', *, *, #1830, .T. ) ;
#942 = DIRECTION ( 'NONE',  ( 0.000000000000000000, 0.000000000000000000, 1.000000000000000000 ) ) ;
#943 = PRESENTATION_STYLE_ASSIGNMENT (( #1570 ) ) ;
#944 = CARTESIAN_POINT ( 'NONE',  ( 1.920314736363723345E-14, 100.0000000000000000, -5.500000000000000000 ) ) ;
#945 = ADVANCED_FACE ( 'NONE', ( #1884 ), #1216, .F. ) ;
#946 = ORIENTED_EDGE ( 'NONE', *, *, #1894, .F. ) ;
#947 = FACE_OUTER_BOUND ( 'NONE', #2806, .T. ) ;
#948 = DIRECTION ( 'NONE',  ( -0.000000000000000000, 1.000000000000000000, -0.000000000000000000 ) ) ;
#949 = ORIENTED_EDGE ( 'NONE', *, *, #248, .T. ) ;
#950 = VERTEX_POINT ( 'NONE', #1661 ) ;
#951 = DIRECTION ( 'NONE',  ( 0.000000000000000000, 1.000000000000000000, 0.000000000000000000 ) ) ;
#952 = AXIS2_PLACEMENT_3D ( 'NONE', #2754, #1210, #791 ) ;
#953 = ORIENTED_EDGE ( 'NONE', *, *, #1844, .T. ) ;
#954 = DIRECTION ( 'NONE',  ( 7.228014483236698330E-15, 0.000000000000000000, 1.000000000000000000 ) ) ;
#955 = AXIS2_PLACEMENT_3D ( 'NONE', #67, #954, #232 ) ;
#956 = DIRECTION ( 'NONE',  ( -0.7071067811864537589, 0.000000000000000000, 0.7071067811866412756 ) ) ;
#957 = CARTESIAN_POINT ( 'NONE',  ( 1.082359215041371340E-14, 100.0000000000000000, -3.100000000000000089 ) ) ;
#958 = ORIENTED_EDGE ( 'NONE', *, *, #1300, .F. ) ;
#959 =( GEOMETRIC_REPRESENTATION_CONTEXT ( 3 ) GLOBAL_UNCERTAINTY_ASSIGNED_CONTEXT ( ( #1457 ) ) GLOBAL_UNIT_ASSIGNED_CONTEXT ( ( #1776, #705, #715 ) ) REPRESENTATION_CONTEXT ( 'NONE', 'WORKASPACE' ) );
#960 = CARTESIAN_POINT ( 'NONE',  ( 9.700000000000011724, 0.000000000000000000, -3.599999999999965894 ) ) ;
#961 = DIRECTION ( 'NONE',  ( -0.000000000000000000, 1.000000000000000000, -0.000000000000000000 ) ) ;
#962 = AXIS2_PLACEMENT_3D ( 'NONE', #414, #1885, #1063 ) ;
#963 = VERTEX_POINT ( 'NONE', #1393 ) ;
#964 = VECTOR ( 'NONE', #2388, 1000.000000000000000 ) ;
#965 = VECTOR ( 'NONE', #686, 1000.000000000000000 ) ;
#966 = SHAPE_DEFINITION_REPRESENTATION ( #996, #244 ) ;
#967 = CARTESIAN_POINT ( 'NONE',  ( 3.600000000000000089, 100.0000000000000000, 0.000000000000000000 ) ) ;
#968 = ORIENTED_EDGE ( 'NONE', *, *, #319, .T. ) ;
#969 = CARTESIAN_POINT ( 'NONE',  ( -5.500000000000000000, 0.000000000000000000, -8.199999999999985079 ) ) ;
#970 = CARTESIAN_POINT ( 'NONE',  ( 9.699999999999988631, 0.000000000000000000, 3.400000000000033218 ) ) ;
#971 = EDGE_CURVE ( 'NONE', #2490, #1941, #1858, .T. ) ;
#972 = EDGE_LOOP ( 'NONE', ( #1385, #2639, #214, #544, #1014, #1316, #1923, #779, #802, #401, #365, #2738, #5, #1829, #2690, #1172, #340, #278, #757, #1076, #515, #2141, #476, #1737, #1058, #1795, #1807, #2414, #348, #2366, #1401, #229, #380, #2347, #2499, #1624, #2776, #2283, #1703, #1699, #2402, #559, #2159, #689, #627, #1139, #1652, #812, #660, #1727, #2731, #2149, #2661, #1794, #1287, #324, #601, #2052, #1972, #410, #1805, #1359, #2372, #227, #492, #646, #1030, #630, #1175, #520, #2064, #2050, #2623, #2469, #63, #764, #73, #674, #2567, #1548 ) ) ;
#973 = EDGE_CURVE ( 'NONE', #2320, #2348, #1179, .T. ) ;
#974 = DIRECTION ( 'NONE',  ( 0.7071067811864513164, 0.000000000000000000, 0.7071067811866437181 ) ) ;
#975 = ORIENTED_EDGE ( 'NONE', *, *, #2711, .T. ) ;
#976 = CARTESIAN_POINT ( 'NONE',  ( -3.100000000000000089, 0.000000000000000000, 8.200000000000002842 ) ) ;
#977 = AXIS2_PLACEMENT_3D ( 'NONE', #1949, #1462, #2376 ) ;
#978 = PLANE ( 'NONE',  #1694 ) ;
#979 = ADVANCED_FACE ( 'NONE', ( #1833 ), #2702, .F. ) ;
#980 = ORIENTED_EDGE ( 'NONE', *, *, #1197, .T. ) ;
#981 = CARTESIAN_POINT ( 'NONE',  ( -10.00000000000000178, 100.0000000000000000, 9.999999999999998224 ) ) ;
#982 = ORIENTED_EDGE ( 'NONE', *, *, #1520, .F. ) ;
#983 = CARTESIAN_POINT ( 'NONE',  ( -3.100000000000000089, 0.000000000000000000, -9.500000000000063949 ) ) ;
#984 = LINE ( 'NONE', #308, #134 ) ;
#985 = ORIENTED_EDGE ( 'NONE', *, *, #1464, .F. ) ;
#986 = CARTESIAN_POINT ( 'NONE',  ( 4.485786437626934742, 0.000000000000000000, 3.425126265847347806 ) ) ;
#987 = DIRECTION ( 'NONE',  ( -0.000000000000000000, 1.000000000000000000, -0.000000000000000000 ) ) ;
#988 = EDGE_CURVE ( 'NONE', #187, #1230, #1670, .T. ) ;
#989 = FACE_OUTER_BOUND ( 'NONE', #675, .T. ) ;
#990 = ADVANCED_FACE ( 'NONE', ( #584 ), #151, .F. ) ;
#991 = ORIENTED_EDGE ( 'NONE', *, *, #2573, .F. ) ;
#992 = CIRCLE ( 'NONE', #117, 1.999999999999973133 ) ;
#993 = CARTESIAN_POINT ( 'NONE',  ( 3.425126265847332263, 0.000000000000000000, 4.485786437626947176 ) ) ;
#994 = PRODUCT_RELATED_PRODUCT_CATEGORY ( 'part', '', ( #105 ) ) ;
#995 = EDGE_CURVE ( 'NONE', #1474, #298, #399, .T. ) ;
#996 = PRODUCT_DEFINITION_SHAPE ( 'NONE', 'NONE',  #744 ) ;
#997 = DIRECTION ( 'NONE',  ( 0.000000000000000000, 0.000000000000000000, -1.000000000000000000 ) ) ;
#998 = DIRECTION ( 'NONE',  ( 3.491481338843133355E-15, 0.000000000000000000, -1.000000000000000000 ) ) ;
#999 = ORIENTED_EDGE ( 'NONE', *, *, #2110, .F. ) ;
#1000 = DIRECTION ( 'NONE',  ( -1.000000000000000000, 0.000000000000000000, -4.336808689942006692E-15 ) ) ;
#1001 = VERTEX_POINT ( 'NONE', #2807 ) ;
#1002 = VECTOR ( 'NONE', #204, 1000.000000000000000 ) ;
#1003 = LINE ( 'NONE', #1631, #104 ) ;
#1004 = VECTOR ( 'NONE', #1148, 1000.000000000000000 ) ;
#1005 = VERTEX_POINT ( 'NONE', #1243 ) ;
#1006 = CIRCLE ( 'NONE', #2597, 0.2000000000000022593 ) ;
#1007 = VECTOR ( 'NONE', #2741, 1000.000000000000000 ) ;
#1008 = DIRECTION ( 'NONE',  ( -1.000000000000000000, 0.000000000000000000, 0.000000000000000000 ) ) ;
#1009 = EDGE_LOOP ( 'NONE', ( #2553, #913, #829, #1780 ) ) ;
#1010 = CIRCLE ( 'NONE', #2771, 1.999999999999973133 ) ;
#1011 = ADVANCED_FACE ( 'NONE', ( #1255 ), #1304, .F. ) ;
#1012 = DIRECTION ( 'NONE',  ( -2.092571962738665397E-13, 0.000000000000000000, -1.000000000000000000 ) ) ;
#1013 = CARTESIAN_POINT ( 'NONE',  ( 2.010912703474272867, 100.0000000000000000, -3.900000000000001688 ) ) ;
#1014 = ORIENTED_EDGE ( 'NONE', *, *, #1274, .T. ) ;
#1015 = DIRECTION ( 'NONE',  ( 2.162401589515527811E-13, 0.000000000000000000, 1.000000000000000000 ) ) ;
#1016 = DIRECTION ( 'NONE',  ( -1.000000000000000000, 0.000000000000000000, -3.491481338843133355E-15 ) ) ;
#1017 = CARTESIAN_POINT ( 'NONE',  ( 3.399999999999999467, 0.000000000000000000, -9.700000000000001066 ) ) ;
#1018 = AXIS2_PLACEMENT_3D ( 'NONE', #822, #619, #1492 ) ;
#1019 = EDGE_CURVE ( 'NONE', #637, #459, #1685, .T. ) ;
#1020 = ORIENTED_EDGE ( 'NONE', *, *, #2098, .F. ) ;
#1021 = EDGE_CURVE ( 'NONE', #226, #789, #1032, .T. ) ;
#1022 = ORIENTED_EDGE ( 'NONE', *, *, #1566, .F. ) ;
#1023 = PLANE ( 'NONE',  #1431 ) ;
#1024 = DIRECTION ( 'NONE',  ( 1.000000000000000000, 0.000000000000000000, 3.491481338843133355E-15 ) ) ;
#1025 = ORIENTED_EDGE ( 'NONE', *, *, #2314, .T. ) ;
#1026 = LINE ( 'NONE', #120, #1946 ) ;
#1027 = CARTESIAN_POINT ( 'NONE',  ( -10.00000000000000178, 100.0000000000000000, 8.499999999999998224 ) ) ;
#1028 = CARTESIAN_POINT ( 'NONE',  ( 3.600000000000000089, 0.000000000000000000, -10.00000000000000888 ) ) ;
#1029 = EDGE_CURVE ( 'NONE', #2570, #1215, #2175, .T. ) ;
#1030 = ORIENTED_EDGE ( 'NONE', *, *, #1733, .T. ) ;
#1031 = ORIENTED_EDGE ( 'NONE', *, *, #1021, .T. ) ;
#1032 = LINE ( 'NONE', #1456, #1977 ) ;
#1033 = DIRECTION ( 'NONE',  ( -0.000000000000000000, 1.000000000000000000, -0.000000000000000000 ) ) ;
#1034 = VERTEX_POINT ( 'NONE', #1062 ) ;
#1035 = CARTESIAN_POINT ( 'NONE',  ( -5.926971876254110680E-14, 100.0000000000000000, 8.200000000000024158 ) ) ;
#1036 = DIRECTION ( 'NONE',  ( 0.000000000000000000, 0.000000000000000000, -1.000000000000000000 ) ) ;
#1037 = CARTESIAN_POINT ( 'NONE',  ( -5.500000000000000000, 0.000000000000000000, -8.199999999999985079 ) ) ;
#1038 = LINE ( 'NONE', #1539, #2592 ) ;
#1039 = CARTESIAN_POINT ( 'NONE',  ( -9.500000000000097700, 0.000000000000000000, 3.099999999999900613 ) ) ;
#1040 = VECTOR ( 'NONE', #1801, 1000.000000000000000 ) ;
#1041 = ORIENTED_EDGE ( 'NONE', *, *, #1663, .F. ) ;
#1042 = VERTEX_POINT ( 'NONE', #1503 ) ;
#1043 = AXIS2_PLACEMENT_3D ( 'NONE', #763, #1394, #2262 ) ;
#1044 = CARTESIAN_POINT ( 'NONE',  ( 2.010912703474272867, 0.000000000000000000, 3.900000000000001688 ) ) ;
#1045 = DIRECTION ( 'NONE',  ( 1.000000000000000000, 0.000000000000000000, 1.047444401652940007E-14 ) ) ;
#1046 = ORIENTED_EDGE ( 'NONE', *, *, #2031, .F. ) ;
#1047 = EDGE_CURVE ( 'NONE', #1413, #1914, #1912, .T. ) ;
#1048 = CYLINDRICAL_SURFACE ( 'NONE', #626, 2.100000000000000089 ) ;
#1049 = CARTESIAN_POINT ( 'NONE',  ( 9.700000000000011724, 0.000000000000000000, -3.599999999999965894 ) ) ;
#1050 = ORIENTED_EDGE ( 'NONE', *, *, #902, .F. ) ;
#1051 = DIRECTION ( 'NONE',  ( -0.000000000000000000, 1.000000000000000000, -0.000000000000000000 ) ) ;
#1052 = EDGE_CURVE ( 'NONE', #44, #187, #2589, .T. ) ;
#1053 = EDGE_CURVE ( 'NONE', #1683, #1568, #887, .T. ) ;
#1054 = CARTESIAN_POINT ( 'NONE',  ( 9.700000000000011724, 0.000000000000000000, -3.399999999999965716 ) ) ;
#1055 = DIRECTION ( 'NONE',  ( 1.000000000000000000, 0.000000000000000000, 3.491481338843133355E-15 ) ) ;
#1056 = EDGE_CURVE ( 'NONE', #923, #1241, #184, .T. ) ;
#1057 = DIRECTION ( 'NONE',  ( 1.000000000000000000, 0.000000000000000000, 1.047444401652940007E-14 ) ) ;
#1058 = ORIENTED_EDGE ( 'NONE', *, *, #902, .T. ) ;
#1059 = AXIS2_PLACEMENT_3D ( 'NONE', #1028, #2562, #147 ) ;
#1060 = ORIENTED_EDGE ( 'NONE', *, *, #1350, .T. ) ;
#1061 = ORIENTED_EDGE ( 'NONE', *, *, #2275, .F. ) ;
#1062 = CARTESIAN_POINT ( 'NONE',  ( -3.899999999999980371, 0.000000000000000000, -2.010912703474313723 ) ) ;
#1063 = DIRECTION ( 'NONE',  ( 0.000000000000000000, 0.000000000000000000, 1.000000000000000000 ) ) ;
#1064 = EDGE_LOOP ( 'NONE', ( #2733, #2255, #826, #91 ) ) ;
#1065 = CARTESIAN_POINT ( 'NONE',  ( -9.699999999999963762, 100.0000000000000000, -3.400000000000100719 ) ) ;
#1066 = VERTEX_POINT ( 'NONE', #2555 ) ;
#1067 = CARTESIAN_POINT ( 'NONE',  ( 5.899999999999995026, 100.0000000000000000, 2.010912703474293295 ) ) ;
#1068 = VECTOR ( 'NONE', #2740, 1000.000000000000000 ) ;
#1069 = CARTESIAN_POINT ( 'NONE',  ( -3.100000000000000089, 100.0000000000000000, 8.200000000000002842 ) ) ;
#1070 = EDGE_CURVE ( 'NONE', #1683, #1235, #2126, .T. ) ;
#1071 = LINE ( 'NONE', #2169, #397 ) ;
#1072 = DIRECTION ( 'NONE',  ( -0.000000000000000000, 1.000000000000000000, 0.000000000000000000 ) ) ;
#1073 = EDGE_CURVE ( 'NONE', #2796, #448, #1962, .T. ) ;
#1074 = ORIENTED_EDGE ( 'NONE', *, *, #2566, .T. ) ;
#1075 = ORIENTED_EDGE ( 'NONE', *, *, #1902, .F. ) ;
#1076 = ORIENTED_EDGE ( 'NONE', *, *, #1897, .T. ) ;
#1077 = CARTESIAN_POINT ( 'NONE',  ( -8.500000000000001776, 100.0000000000000000, -10.00000000000000178 ) ) ;
#1078 = CARTESIAN_POINT ( 'NONE',  ( -9.999999999999971578, 0.000000000000000000, -3.600000000000104894 ) ) ;
#1079 = VERTEX_POINT ( 'NONE', #2369 ) ;
#1080 = CARTESIAN_POINT ( 'NONE',  ( -0.5303300858903963189, 100.0000000000000000, -0.5303300858902667558 ) ) ;
#1081 = ORIENTED_EDGE ( 'NONE', *, *, #2566, .F. ) ;
#1082 = CARTESIAN_POINT ( 'NONE',  ( -3.100000000000000089, 0.000000000000000000, -8.200000000000002842 ) ) ;
#1083 = DIRECTION ( 'NONE',  ( -1.000000000000000000, 0.000000000000000000, 0.000000000000000000 ) ) ;
#1084 = LINE ( 'NONE', #38, #1482 ) ;
#1085 = DIRECTION ( 'NONE',  ( -1.000000000000000000, 0.000000000000000000, 7.228014483236698330E-15 ) ) ;
#1086 = VECTOR ( 'NONE', #2643, 1000.000000000000000 ) ;
#1087 = LINE ( 'NONE', #2328, #2821 ) ;
#1088 = ORIENTED_EDGE ( 'NONE', *, *, #460, .F. ) ;
#1089 = ORIENTED_EDGE ( 'NONE', *, *, #934, .F. ) ;
#1090 = DIRECTION ( 'NONE',  ( -0.000000000000000000, 1.000000000000000000, -0.000000000000000000 ) ) ;
#1091 = VECTOR ( 'NONE', #1, 1000.000000000000000 ) ;
#1092 = ORIENTED_EDGE ( 'NONE', *, *, #2487, .T. ) ;
#1093 = DIRECTION ( 'NONE',  ( 0.000000000000000000, 0.000000000000000000, -1.000000000000000000 ) ) ;
#1094 = EDGE_CURVE ( 'NONE', #1633, #448, #1734, .T. ) ;
#1095 = ORIENTED_EDGE ( 'NONE', *, *, #2442, .T. ) ;
#1096 = CARTESIAN_POINT ( 'NONE',  ( -3.399999999999999467, 0.000000000000000000, 9.700000000000001066 ) ) ;
#1097 = VECTOR ( 'NONE', #616, 1000.000000000000000 ) ;
#1098 = DIRECTION ( 'NONE',  ( -1.000000000000000000, 0.000000000000000000, 0.000000000000000000 ) ) ;
#1099 = AXIS2_PLACEMENT_3D ( 'NONE', #2435, #2654, #2448 ) ;
#1100 = DIRECTION ( 'NONE',  ( 0.000000000000000000, 0.000000000000000000, -1.000000000000000000 ) ) ;
#1101 = DIRECTION ( 'NONE',  ( 1.000000000000000000, 0.000000000000000000, 7.228014483236698330E-15 ) ) ;
#1102 = CARTESIAN_POINT ( 'NONE',  ( -3.600000000000000089, 0.000000000000000000, 10.00000000000000888 ) ) ;
#1103 = DIRECTION ( 'NONE',  ( -0.000000000000000000, 1.000000000000000000, -0.000000000000000000 ) ) ;
#1104 = ORIENTED_EDGE ( 'NONE', *, *, #2031, .T. ) ;
#1105 = ADVANCED_FACE ( 'NONE', ( #648 ), #1517, .F. ) ;
#1106 = ORIENTED_EDGE ( 'NONE', *, *, #1464, .T. ) ;
#1107 = VERTEX_POINT ( 'NONE', #368 ) ;
#1108 = EDGE_CURVE ( 'NONE', #729, #1319, #2113, .T. ) ;
#1109 = LINE ( 'NONE', #1320, #633 ) ;
#1110 = EDGE_CURVE ( 'NONE', #2695, #196, #2760, .T. ) ;
#1111 = VERTEX_POINT ( 'NONE', #2665 ) ;
#1112 = LINE ( 'NONE', #1351, #2602 ) ;
#1113 = LINE ( 'NONE', #682, #1373 ) ;
#1114 = DIRECTION ( 'NONE',  ( 0.7071067811866412756, 0.000000000000000000, -0.7071067811864537589 ) ) ;
#1115 = AXIS2_PLACEMENT_3D ( 'NONE', #2148, #1889, #1930 ) ;
#1116 = DIRECTION ( 'NONE',  ( 0.000000000000000000, 1.000000000000000000, 0.000000000000000000 ) ) ;
#1117 = VECTOR ( 'NONE', #612, 1000.000000000000000 ) ;
#1118 = FACE_OUTER_BOUND ( 'NONE', #2260, .T. ) ;
#1119 = CARTESIAN_POINT ( 'NONE',  ( 3.599999999999999201, 100.0000000000000000, -10.00000000000000178 ) ) ;
#1120 = ADVANCED_FACE ( 'NONE', ( #1124 ), #1580, .T. ) ;
#1121 = ORIENTED_EDGE ( 'NONE', *, *, #2584, .T. ) ;
#1122 = VERTEX_POINT ( 'NONE', #2461 ) ;
#1123 = ORIENTED_EDGE ( 'NONE', *, *, #2375, .F. ) ;
#1124 = FACE_OUTER_BOUND ( 'NONE', #2125, .T. ) ;
#1125 = ORIENTED_EDGE ( 'NONE', *, *, #525, .F. ) ;
#1126 = ADVANCED_FACE ( 'NONE', ( #2205 ), #1793, .F. ) ;
#1127 = LINE ( 'NONE', #1611, #1735 ) ;
#1128 = DIRECTION ( 'NONE',  ( 1.000000000000000000, 0.000000000000000000, 1.047444401652940007E-14 ) ) ;
#1129 = AXIS2_PLACEMENT_3D ( 'NONE', #1555, #1586, #739 ) ;
#1130 = CARTESIAN_POINT ( 'NONE',  ( 9.500000000000008882, 100.0000000000000000, -3.399999999999944400 ) ) ;
#1131 = DIRECTION ( 'NONE',  ( 0.000000000000000000, 0.000000000000000000, 1.000000000000000000 ) ) ;
#1132 = CARTESIAN_POINT ( 'NONE',  ( -3.100000000000000089, 0.000000000000000000, 8.200000000000002842 ) ) ;
#1133 = CARTESIAN_POINT ( 'NONE',  ( -3.399999999999977707, 100.0000000000000000, 9.499999999999998224 ) ) ;
#1134 = ORIENTED_EDGE ( 'NONE', *, *, #1869, .T. ) ;
#1135 = ORIENTED_EDGE ( 'NONE', *, *, #2120, .F. ) ;
#1136 = DIRECTION ( 'NONE',  ( 1.000000000000000000, 0.000000000000000000, 1.047444401652940007E-14 ) ) ;
#1137 = VECTOR ( 'NONE', #2181, 1000.000000000000000 ) ;
#1138 = VECTOR ( 'NONE', #1658, 1000.000000000000000 ) ;
#1139 = ORIENTED_EDGE ( 'NONE', *, *, #477, .T. ) ;
#1140 = AXIS2_PLACEMENT_3D ( 'NONE', #115, #1391, #2700 ) ;
#1141 = FACE_OUTER_BOUND ( 'NONE', #332, .T. ) ;
#1142 = EDGE_CURVE ( 'NONE', #828, #1836, #1594, .T. ) ;
#1143 = DIRECTION ( 'NONE',  ( 0.000000000000000000, 0.000000000000000000, -1.000000000000000000 ) ) ;
#1144 = EDGE_CURVE ( 'NONE', #2490, #1583, #509, .T. ) ;
#1145 = CARTESIAN_POINT ( 'NONE',  ( 9.999999999999998224, 100.0000000000000000, -8.500000000000003553 ) ) ;
#1146 = CARTESIAN_POINT ( 'NONE',  ( -8.200000000000034817, 0.000000000000000000, 3.099999999999913936 ) ) ;
#1147 = EDGE_CURVE ( 'NONE', #1042, #154, #1989, .T. ) ;
#1148 = DIRECTION ( 'NONE',  ( -0.000000000000000000, 1.000000000000000000, -0.000000000000000000 ) ) ;
#1149 = CARTESIAN_POINT ( 'NONE',  ( 8.200000000000024158, 100.0000000000000000, 8.789986574105487604E-14 ) ) ;
#1150 = EDGE_LOOP ( 'NONE', ( #1258, #1346, #428, #1121 ) ) ;
#1151 = CARTESIAN_POINT ( 'NONE',  ( -4.485786437626982703, 0.000000000000000000, 3.425126265847285190 ) ) ;
#1152 = ORIENTED_EDGE ( 'NONE', *, *, #1313, .T. ) ;
#1153 = EDGE_CURVE ( 'NONE', #540, #1568, #1109, .T. ) ;
#1154 = CARTESIAN_POINT ( 'NONE',  ( -8.500000000000001776, 100.0000000000000000, -10.00000000000000178 ) ) ;
#1155 = EDGE_LOOP ( 'NONE', ( #2101, #692, #60, #1640 ) ) ;
#1156 = CARTESIAN_POINT ( 'NONE',  ( -8.200000000000041922, 100.0000000000000000, 5.499999999999913847 ) ) ;
#1157 = DIRECTION ( 'NONE',  ( -0.000000000000000000, 1.000000000000000000, -0.000000000000000000 ) ) ;
#1158 = VECTOR ( 'NONE', #2813, 1000.000000000000000 ) ;
#1159 = DIRECTION ( 'NONE',  ( 0.000000000000000000, 0.000000000000000000, -1.000000000000000000 ) ) ;
#1160 = ORIENTED_EDGE ( 'NONE', *, *, #2375, .T. ) ;
#1161 = DIRECTION ( 'NONE',  ( 0.000000000000000000, 1.000000000000000000, 0.000000000000000000 ) ) ;
#1162 = CARTESIAN_POINT ( 'NONE',  ( -3.100000000000000089, 0.000000000000000000, -9.500000000000063949 ) ) ;
#1163 = ORIENTED_EDGE ( 'NONE', *, *, #1744, .T. ) ;
#1164 = EDGE_CURVE ( 'NONE', #1183, #637, #2002, .T. ) ;
#1165 = AXIS2_PLACEMENT_3D ( 'NONE', #2099, #1443, #346 ) ;
#1166 = ORIENTED_EDGE ( 'NONE', *, *, #42, .F. ) ;
#1167 = CARTESIAN_POINT ( 'NONE',  ( 3.900000000000008349, 100.0000000000000000, -2.010912703474259544 ) ) ;
#1168 = VERTEX_POINT ( 'NONE', #878 ) ;
#1169 = CARTESIAN_POINT ( 'NONE',  ( 3.100000000000000089, 100.0000000000000000, 8.200000000000002842 ) ) ;
#1170 = DIRECTION ( 'NONE',  ( -0.000000000000000000, 1.000000000000000000, -0.000000000000000000 ) ) ;
#1171 = FACE_OUTER_BOUND ( 'NONE', #1423, .T. ) ;
#1172 = ORIENTED_EDGE ( 'NONE', *, *, #1260, .T. ) ;
#1173 = CARTESIAN_POINT ( 'NONE',  ( -8.199999999999969091, 0.000000000000000000, -3.100000000000085798 ) ) ;
#1174 = DIRECTION ( 'NONE',  ( -0.000000000000000000, 1.000000000000000000, -0.000000000000000000 ) ) ;
#1175 = ORIENTED_EDGE ( 'NONE', *, *, #2317, .T. ) ;
#1176 = CARTESIAN_POINT ( 'NONE',  ( -3.600000000000000089, 0.000000000000000000, -9.700000000000001066 ) ) ;
#1177 = EDGE_CURVE ( 'NONE', #1285, #1948, #356, .T. ) ;
#1178 = ORIENTED_EDGE ( 'NONE', *, *, #333, .F. ) ;
#1179 = LINE ( 'NONE', #969, #704 ) ;
#1180 = EDGE_CURVE ( 'NONE', #2324, #196, #678, .T. ) ;
#1181 = AXIS2_PLACEMENT_3D ( 'NONE', #1102, #1511, #1709 ) ;
#1182 = CARTESIAN_POINT ( 'NONE',  ( -9.699999999999961986, 0.000000000000000000, -3.600000000000102229 ) ) ;
#1183 = VERTEX_POINT ( 'NONE', #1379 ) ;
#1184 = CARTESIAN_POINT ( 'NONE',  ( -6.560660171779121974, 100.0000000000000000, 5.499999999999930722 ) ) ;
#1185 = ORIENTED_EDGE ( 'NONE', *, *, #1313, .F. ) ;
#1186 = PRESENTATION_LAYER_ASSIGNMENT (  '', '', ( #1954 ) ) ;
#1187 = CARTESIAN_POINT ( 'NONE',  ( 9.500000000000010658, 0.000000000000000000, -3.399999999999966604 ) ) ;
#1188 = DIRECTION ( 'NONE',  ( -0.000000000000000000, 1.000000000000000000, -0.000000000000000000 ) ) ;
#1189 = VECTOR ( 'NONE', #1651, 1000.000000000000000 ) ;
#1190 = ORIENTED_EDGE ( 'NONE', *, *, #2735, .T. ) ;
#1191 = AXIS2_PLACEMENT_3D ( 'NONE', #2136, #1072, #854 ) ;
#1192 = FACE_OUTER_BOUND ( 'NONE', #1519, .T. ) ;
#1193 = ORIENTED_EDGE ( 'NONE', *, *, #1907, .T. ) ;
#1194 = EDGE_CURVE ( 'NONE', #1864, #1005, #2418, .T. ) ;
#1195 = LINE ( 'NONE', #749, #2161 ) ;
#1196 = FACE_OUTER_BOUND ( 'NONE', #1392, .T. ) ;
#1197 = EDGE_CURVE ( 'NONE', #1380, #202, #2233, .T. ) ;
#1198 = ORIENTED_EDGE ( 'NONE', *, *, #1404, .F. ) ;
#1199 = DIRECTION ( 'NONE',  ( -3.491481338843133355E-15, 0.000000000000000000, 1.000000000000000000 ) ) ;
#1200 = VERTEX_POINT ( 'NONE', #279 ) ;
#1201 = CARTESIAN_POINT ( 'NONE',  ( 4.485786437626959611, 0.000000000000000000, -3.425126265847316720 ) ) ;
#1202 = VECTOR ( 'NONE', #1248, 1000.000000000000000 ) ;
#1203 = CARTESIAN_POINT ( 'NONE',  ( -4.485786437626982703, 0.000000000000000000, 3.425126265847285190 ) ) ;
#1204 = EDGE_LOOP ( 'NONE', ( #597, #2015, #849, #1991 ) ) ;
#1205 = EDGE_CURVE ( 'NONE', #416, #725, #2090, .T. ) ;
#1206 = CARTESIAN_POINT ( 'NONE',  ( 3.600000000000000089, 0.000000000000000000, 9.700000000000001066 ) ) ;
#1207 = CARTESIAN_POINT ( 'NONE',  ( 3.100000000000000089, 0.000000000000000000, 8.200000000000002842 ) ) ;
#1208 = DIRECTION ( 'NONE',  ( 0.7071067811864537589, 0.000000000000000000, 0.7071067811866412756 ) ) ;
#1209 = ORIENTED_EDGE ( 'NONE', *, *, #1979, .T. ) ;
#1210 = DIRECTION ( 'NONE',  ( 0.7071067811864537589, 0.000000000000000000, -0.7071067811866412756 ) ) ;
#1211 = VERTEX_POINT ( 'NONE', #911 ) ;
#1212 = DIRECTION ( 'NONE',  ( 7.228014483236698330E-15, 0.000000000000000000, -1.000000000000000000 ) ) ;
#1213 = EDGE_LOOP ( 'NONE', ( #2145, #2077 ) ) ;
#1214 = LINE ( 'NONE', #967, #131 ) ;
#1215 = VERTEX_POINT ( 'NONE', #1778 ) ;
#1216 = PLANE ( 'NONE',  #1524 ) ;
#1217 = VECTOR ( 'NONE', #1015, 1000.000000000000000 ) ;
#1218 = DIRECTION ( 'NONE',  ( 0.000000000000000000, 0.000000000000000000, 1.000000000000000000 ) ) ;
#1219 = VERTEX_POINT ( 'NONE', #1337 ) ;
#1220 = PLANE ( 'NONE',  #1815 ) ;
#1221 = DIRECTION ( 'NONE',  ( -0.000000000000000000, 1.000000000000000000, -0.000000000000000000 ) ) ;
#1222 = EDGE_CURVE ( 'NONE', #2187, #2249, #2247, .T. ) ;
#1223 = VECTOR ( 'NONE', #1674, 1000.000000000000000 ) ;
#1224 = CARTESIAN_POINT ( 'NONE',  ( 9.999999999999998224, 100.0000000000000000, 9.999999999999998224 ) ) ;
#1225 = VECTOR ( 'NONE', #1055, 1000.000000000000000 ) ;
#1226 = EDGE_CURVE ( 'NONE', #950, #1168, #1806, .T. ) ;
#1227 = VECTOR ( 'NONE', #1477, 1000.000000000000000 ) ;
#1228 = VECTOR ( 'NONE', #1983, 1000.000000000000000 ) ;
#1229 = VECTOR ( 'NONE', #1033, 1000.000000000000000 ) ;
#1230 = VERTEX_POINT ( 'NONE', #2432 ) ;
#1231 = AXIS2_PLACEMENT_3D ( 'NONE', #1552, #2679, #467 ) ;
#1232 = CARTESIAN_POINT ( 'NONE',  ( -9.500000000000097700, 0.000000000000000000, 3.099999999999900613 ) ) ;
#1233 = EDGE_CURVE ( 'NONE', #1909, #2202, #1762, .T. ) ;
#1234 = CARTESIAN_POINT ( 'NONE',  ( -8.500000000000001776, 100.0000000000000000, 9.999999999999998224 ) ) ;
#1235 = VERTEX_POINT ( 'NONE', #2006 ) ;
#1236 = DIRECTION ( 'NONE',  ( -1.000000000000000000, 0.000000000000000000, -3.491481338843133355E-15 ) ) ;
#1237 = CARTESIAN_POINT ( 'NONE',  ( 9.500000000000746070, 100.0000000000000000, 2.120619655477937878E-12 ) ) ;
#1238 = CARTESIAN_POINT ( 'NONE',  ( -8.200000000000034817, 0.000000000000000000, 3.099999999999913936 ) ) ;
#1239 = AXIS2_PLACEMENT_3D ( 'NONE', #2710, #755, #328 ) ;
#1240 = EDGE_LOOP ( 'NONE', ( #1020, #2664, #2311, #2265 ) ) ;
#1241 = VERTEX_POINT ( 'NONE', #1154 ) ;
#1242 = VECTOR ( 'NONE', #1469, 1000.000000000000000 ) ;
#1243 = CARTESIAN_POINT ( 'NONE',  ( -10.00000000000004619, 100.0000000000000000, 3.599999999999894840 ) ) ;
#1244 = DIRECTION ( 'NONE',  ( 0.000000000000000000, -0.000000000000000000, 1.000000000000000000 ) ) ;
#1245 = ORIENTED_EDGE ( 'NONE', *, *, #1021, .F. ) ;
#1246 = CARTESIAN_POINT ( 'NONE',  ( 0.000000000000000000, 100.0000000000000000, -2.100000000000000089 ) ) ;
#1247 = DIRECTION ( 'NONE',  ( -0.000000000000000000, 1.000000000000000000, -0.000000000000000000 ) ) ;
#1248 = DIRECTION ( 'NONE',  ( -1.000000000000000000, 0.000000000000000000, -3.491481338843133355E-15 ) ) ;
#1249 = CYLINDRICAL_SURFACE ( 'NONE', #354, 0.2000000000000022593 ) ;
#1250 = CARTESIAN_POINT ( 'NONE',  ( -9.700000000000038369, 100.0000000000000000, 3.599999999999898392 ) ) ;
#1251 = VERTEX_POINT ( 'NONE', #49 ) ;
#1252 = ORIENTED_EDGE ( 'NONE', *, *, #1047, .T. ) ;
#1253 = VECTOR ( 'NONE', #1800, 1000.000000000000000 ) ;
#1254 = EDGE_CURVE ( 'NONE', #1378, #1536, #2676, .T. ) ;
#1255 = FACE_OUTER_BOUND ( 'NONE', #2032, .T. ) ;
#1256 = EDGE_CURVE ( 'NONE', #921, #2824, #75, .T. ) ;
#1257 = CARTESIAN_POINT ( 'NONE',  ( -6.560660171779121974, 0.000000000000000000, 5.499999999999930722 ) ) ;
#1258 = ORIENTED_EDGE ( 'NONE', *, *, #2146, .F. ) ;
#1259 = CARTESIAN_POINT ( 'NONE',  ( 2.087450582758924949E-12, 100.0000000000000000, 9.500000000000746070 ) ) ;
#1260 = EDGE_CURVE ( 'NONE', #135, #149, #2082, .T. ) ;
#1261 = CARTESIAN_POINT ( 'NONE',  ( 3.425126265847332263, 0.000000000000000000, 4.485786437626947176 ) ) ;
#1262 = EDGE_LOOP ( 'NONE', ( #985, #677, #1615, #926 ) ) ;
#1263 = DIRECTION ( 'NONE',  ( -0.000000000000000000, 1.000000000000000000, -0.000000000000000000 ) ) ;
#1264 = FACE_OUTER_BOUND ( 'NONE', #2021, .T. ) ;
#1265 = CARTESIAN_POINT ( 'NONE',  ( 3.399999999999999467, 0.000000000000000000, 9.700000000000001066 ) ) ;
#1266 = FACE_OUTER_BOUND ( 'NONE', #1530, .T. ) ;
#1267 = VECTOR ( 'NONE', #2363, 1000.000000000000000 ) ;
#1268 = ORIENTED_EDGE ( 'NONE', *, *, #1358, .T. ) ;
#1269 = VERTEX_POINT ( 'NONE', #1831 ) ;
#1270 = VECTOR ( 'NONE', #846, 1000.000000000000000 ) ;
#1271 = ORIENTED_EDGE ( 'NONE', *, *, #1222, .F. ) ;
#1272 = DIRECTION ( 'NONE',  ( 0.7071067811864611974, 0.000000000000000000, -0.7071067811866339481 ) ) ;
#1273 = DIRECTION ( 'NONE',  ( 0.000000000000000000, 0.000000000000000000, 1.000000000000000000 ) ) ;
#1274 = EDGE_CURVE ( 'NONE', #1319, #1107, #1006, .T. ) ;
#1275 = ORIENTED_EDGE ( 'NONE', *, *, #461, .T. ) ;
#1276 = DIRECTION ( 'NONE',  ( 0.000000000000000000, 0.000000000000000000, -1.000000000000000000 ) ) ;
#1277 = CYLINDRICAL_SURFACE ( 'NONE', #1484, 1.999999999999973133 ) ;
#1278 = ORIENTED_EDGE ( 'NONE', *, *, #1531, .T. ) ;
#1279 = EDGE_CURVE ( 'NONE', #2034, #743, #1214, .T. ) ;
#1280 = LINE ( 'NONE', #159, #2739 ) ;
#1281 = DIRECTION ( 'NONE',  ( 0.000000000000000000, 0.000000000000000000, 1.000000000000000000 ) ) ;
#1282 = LINE ( 'NONE', #517, #679 ) ;
#1283 = DIRECTION ( 'NONE',  ( -0.000000000000000000, 1.000000000000000000, 0.000000000000000000 ) ) ;
#1284 = ADVANCED_FACE ( 'NONE', ( #760 ), #331, .F. ) ;
#1285 = VERTEX_POINT ( 'NONE', #571 ) ;
#1286 = VECTOR ( 'NONE', #1604, 1000.000000000000000 ) ;
#1287 = ORIENTED_EDGE ( 'NONE', *, *, #1369, .T. ) ;
#1288 = ORIENTED_EDGE ( 'NONE', *, *, #1897, .F. ) ;
#1289 = CARTESIAN_POINT ( 'NONE',  ( -8.500000000000001776, 0.000000000000000000, 8.499999999999998224 ) ) ;
#1290 = DIRECTION ( 'NONE',  ( 0.000000000000000000, 1.000000000000000000, 0.000000000000000000 ) ) ;
#1291 = ORIENTED_EDGE ( 'NONE', *, *, #12, .T. ) ;
#1292 = CARTESIAN_POINT ( 'NONE',  ( 0.5303300858904039794, 100.0000000000000000, -0.5303300858902597614 ) ) ;
#1293 = ORIENTED_EDGE ( 'NONE', *, *, #264, .F. ) ;
#1294 = CARTESIAN_POINT ( 'NONE',  ( -2.010912703474272867, 0.000000000000000000, -3.900000000000001688 ) ) ;
#1295 = VECTOR ( 'NONE', #1650, 1000.000000000000000 ) ;
#1296 = CARTESIAN_POINT ( 'NONE',  ( 3.600000000000000533, 100.0000000000000000, -9.700000000000001066 ) ) ;
#1297 = CARTESIAN_POINT ( 'NONE',  ( -9.500000000000030198, 100.0000000000000000, -3.100000000000099121 ) ) ;
#1298 = LINE ( 'NONE', #1757, #1267 ) ;
#1299 = PLANE ( 'NONE',  #2652 ) ;
#1300 = EDGE_CURVE ( 'NONE', #1079, #2460, #2270, .T. ) ;
#1301 = VERTEX_POINT ( 'NONE', #2259 ) ;
#1302 = ORIENTED_EDGE ( 'NONE', *, *, #756, .T. ) ;
#1303 = ORIENTED_EDGE ( 'NONE', *, *, #1056, .T. ) ;
#1304 = PLANE ( 'NONE',  #1388 ) ;
#1305 = ORIENTED_EDGE ( 'NONE', *, *, #823, .F. ) ;
#1306 = LINE ( 'NONE', #1080, #504 ) ;
#1307 = DIRECTION ( 'NONE',  ( -0.000000000000000000, 1.000000000000000000, -0.000000000000000000 ) ) ;
#1308 = DIRECTION ( 'NONE',  ( 1.000000000000000000, 0.000000000000000000, 7.228014483236698330E-15 ) ) ;
#1309 = ADVANCED_FACE ( 'NONE', ( #106 ), #523, .F. ) ;
#1310 = CARTESIAN_POINT ( 'NONE',  ( 3.100000000000000089, 0.000000000000000000, 9.500000000000063949 ) ) ;
#1311 = VECTOR ( 'NONE', #2720, 1000.000000000000000 ) ;
#1312 = LINE ( 'NONE', #223, #361 ) ;
#1313 = EDGE_CURVE ( 'NONE', #2045, #404, #746, .T. ) ;
#1314 = ORIENTED_EDGE ( 'NONE', *, *, #1851, .F. ) ;
#1315 = VECTOR ( 'NONE', #1843, 1000.000000000000000 ) ;
#1316 = ORIENTED_EDGE ( 'NONE', *, *, #218, .T. ) ;
#1317 = CARTESIAN_POINT ( 'NONE',  ( -2.010912703474272867, 0.000000000000000000, -3.900000000000001688 ) ) ;
#1318 = AXIS2_PLACEMENT_3D ( 'NONE', #2649, #507, #1360 ) ;
#1319 = VERTEX_POINT ( 'NONE', #1206 ) ;
#1320 = CARTESIAN_POINT ( 'NONE',  ( -10.00000000000000178, 0.000000000000000000, 9.999999999999998224 ) ) ;
#1321 = EDGE_LOOP ( 'NONE', ( #935, #2527, #2647, #1314 ) ) ;
#1322 = DIRECTION ( 'NONE',  ( -0.7071067811864513164, 0.000000000000000000, -0.7071067811866437181 ) ) ;
#1323 = VECTOR ( 'NONE', #1900, 1000.000000000000000 ) ;
#1324 = CARTESIAN_POINT ( 'NONE',  ( 9.699999999999988631, 100.0000000000000000, 3.400000000000033218 ) ) ;
#1325 = EDGE_CURVE ( 'NONE', #1066, #481, #1819, .T. ) ;
#1326 = FACE_OUTER_BOUND ( 'NONE', #1559, .T. ) ;
#1327 = CIRCLE ( 'NONE', #1828, 0.2000000000000013989 ) ;
#1328 = PLANE ( 'NONE',  #1763 ) ;
#1329 = CARTESIAN_POINT ( 'NONE',  ( -2.010912703474272867, 0.000000000000000000, 5.900000000000001243 ) ) ;
#1330 = DIRECTION ( 'NONE',  ( 1.047444401652940007E-14, 0.000000000000000000, -1.000000000000000000 ) ) ;
#1331 = LINE ( 'NONE', #238, #817 ) ;
#1332 = ORIENTED_EDGE ( 'NONE', *, *, #2573, .T. ) ;
#1333 = ORIENTED_EDGE ( 'NONE', *, *, #390, .F. ) ;
#1334 = EDGE_CURVE ( 'NONE', #1777, #200, #305, .T. ) ;
#1335 = ORIENTED_EDGE ( 'NONE', *, *, #12, .F. ) ;
#1336 = COLOUR_RGB ( '',0.8980392156862745390, 0.9176470588235293713, 0.9294117647058823817 ) ;
#1337 = CARTESIAN_POINT ( 'NONE',  ( 8.199999999999965539, 0.000000000000000000, 5.500000000000028422 ) ) ;
#1338 = ORIENTED_EDGE ( 'NONE', *, *, #2107, .F. ) ;
#1339 = CARTESIAN_POINT ( 'NONE',  ( 2.010912703474272867, 100.0000000000000000, -5.900000000000001243 ) ) ;
#1340 = CARTESIAN_POINT ( 'NONE',  ( -9.499999999999960920, 100.0000000000000000, -3.400000000000076739 ) ) ;
#1341 = LINE ( 'NONE', #944, #853 ) ;
#1342 = CARTESIAN_POINT ( 'NONE',  ( 8.199999999999965539, 0.000000000000000000, 5.500000000000028422 ) ) ;
#1343 = DIRECTION ( 'NONE',  ( 0.000000000000000000, 0.000000000000000000, 1.000000000000000000 ) ) ;
#1344 = CARTESIAN_POINT ( 'NONE',  ( 8.499999999999998224, 0.000000000000000000, 8.499999999999998224 ) ) ;
#1345 = ORIENTED_EDGE ( 'NONE', *, *, #2747, .F. ) ;
#1346 = ORIENTED_EDGE ( 'NONE', *, *, #595, .T. ) ;
#1347 = EDGE_CURVE ( 'NONE', #2604, #2383, #785, .T. ) ;
#1348 = CARTESIAN_POINT ( 'NONE',  ( -8.200000000000034817, 0.000000000000000000, 3.099999999999913936 ) ) ;
#1349 = ORIENTED_EDGE ( 'NONE', *, *, #1222, .T. ) ;
#1350 = EDGE_CURVE ( 'NONE', #342, #1215, #2298, .T. ) ;
#1351 = CARTESIAN_POINT ( 'NONE',  ( 8.200000000000013500, 0.000000000000000000, -3.099999999999971223 ) ) ;
#1352 = PLANE ( 'NONE',  #2507 ) ;
#1353 = AXIS2_PLACEMENT_3D ( 'NONE', #1951, #471, #2816 ) ;
#1354 = DIRECTION ( 'NONE',  ( 0.7071067811866412756, 0.000000000000000000, -0.7071067811864537589 ) ) ;
#1355 = DIRECTION ( 'NONE',  ( -0.000000000000000000, 1.000000000000000000, 0.000000000000000000 ) ) ;
#1356 = LINE ( 'NONE', #960, #1004 ) ;
#1357 = CARTESIAN_POINT ( 'NONE',  ( -10.00000000000000178, 100.0000000000000000, -8.500000000000003553 ) ) ;
#1358 = EDGE_CURVE ( 'NONE', #2059, #226, #318, .T. ) ;
#1359 = ORIENTED_EDGE ( 'NONE', *, *, #1480, .T. ) ;
#1360 = DIRECTION ( 'NONE',  ( 1.000000000000000000, 0.000000000000000000, 3.491481338843133355E-15 ) ) ;
#1361 = ORIENTED_EDGE ( 'NONE', *, *, #1871, .F. ) ;
#1362 = DIRECTION ( 'NONE',  ( -1.000000000000000000, 0.000000000000000000, -1.047444401652940007E-14 ) ) ;
#1363 = VECTOR ( 'NONE', #1525, 1000.000000000000000 ) ;
#1364 = CIRCLE ( 'NONE', #543, 1.999999999999973133 ) ;
#1365 = ORIENTED_EDGE ( 'NONE', *, *, #1857, .F. ) ;
#1366 = VECTOR ( 'NONE', #2651, 1000.000000000000000 ) ;
#1367 = CARTESIAN_POINT ( 'NONE',  ( 3.100000000000000089, 0.000000000000000000, -9.500000000000063949 ) ) ;
#1368 = PLANE ( 'NONE',  #1644 ) ;
#1369 = EDGE_CURVE ( 'NONE', #2042, #1066, #1609, .T. ) ;
#1370 = CARTESIAN_POINT ( 'NONE',  ( -9.699999999999961986, 100.0000000000000000, -3.600000000000101785 ) ) ;
#1371 = ADVANCED_FACE ( 'NONE', ( #1192 ), #2058, .F. ) ;
#1372 = VERTEX_POINT ( 'NONE', #1176 ) ;
#1373 = VECTOR ( 'NONE', #68, 1000.000000000000000 ) ;
#1374 = PLANE ( 'NONE',  #628 ) ;
#1375 = CARTESIAN_POINT ( 'NONE',  ( 5.500000000000000000, 0.000000000000000000, 6.560660171779064243 ) ) ;
#1376 = AXIS2_PLACEMENT_3D ( 'NONE', #1339, #511, #2035 ) ;
#1377 = ORIENTED_EDGE ( 'NONE', *, *, #2157, .T. ) ;
#1378 = VERTEX_POINT ( 'NONE', #2044 ) ;
#1379 = CARTESIAN_POINT ( 'NONE',  ( 2.571758278209441957E-16, 100.0000000000000000, 2.100000000000000089 ) ) ;
#1380 = VERTEX_POINT ( 'NONE', #1648 ) ;
#1381 = CARTESIAN_POINT ( 'NONE',  ( -2.010912703474272867, 100.0000000000000000, 5.900000000000001243 ) ) ;
#1382 = CARTESIAN_POINT ( 'NONE',  ( 5.500000000000000000, 100.0000000000000000, 0.000000000000000000 ) ) ;
#1383 = AXIS2_PLACEMENT_3D ( 'NONE', #190, #34, #882 ) ;
#1384 = DIRECTION ( 'NONE',  ( -0.000000000000000000, 1.000000000000000000, -0.000000000000000000 ) ) ;
#1385 = ORIENTED_EDGE ( 'NONE', *, *, #1433, .F. ) ;
#1386 = DIRECTION ( 'NONE',  ( 0.000000000000000000, 0.000000000000000000, 1.000000000000000000 ) ) ;
#1387 = DIRECTION ( 'NONE',  ( 0.000000000000000000, -1.000000000000000000, 0.000000000000000000 ) ) ;
#1388 = AXIS2_PLACEMENT_3D ( 'NONE', #1044, #830, #1942 ) ;
#1389 = VERTEX_POINT ( 'NONE', #392 ) ;
#1390 = EDGE_CURVE ( 'NONE', #860, #1230, #2726, .T. ) ;
#1391 = DIRECTION ( 'NONE',  ( 1.000000000000000000, 0.000000000000000000, -3.736533144393563397E-15 ) ) ;
#1392 = EDGE_LOOP ( 'NONE', ( #388, #2109, #1898, #2595 ) ) ;
#1393 = CARTESIAN_POINT ( 'NONE',  ( -3.100000000000000089, 0.000000000000000000, 9.500000000000063949 ) ) ;
#1394 = DIRECTION ( 'NONE',  ( -0.7071067811866388331, 0.000000000000000000, -0.7071067811864562014 ) ) ;
#1395 = CARTESIAN_POINT ( 'NONE',  ( 3.900000000000008349, 0.000000000000000000, -2.010912703474259544 ) ) ;
#1396 = ORIENTED_EDGE ( 'NONE', *, *, #246, .F. ) ;
#1397 = FACE_OUTER_BOUND ( 'NONE', #419, .T. ) ;
#1398 = CARTESIAN_POINT ( 'NONE',  ( -3.425126265847351803, 0.000000000000000000, 4.485786437626927636 ) ) ;
#1399 = VECTOR ( 'NONE', #1308, 1000.000000000000000 ) ;
#1400 = ADVANCED_FACE ( 'NONE', ( #2736 ), #1527, .F. ) ;
#1401 = ORIENTED_EDGE ( 'NONE', *, *, #78, .T. ) ;
#1402 = EDGE_CURVE ( 'NONE', #2383, #2441, #1071, .T. ) ;
#1403 =( NAMED_UNIT ( * ) SI_UNIT ( $, .STERADIAN. ) SOLID_ANGLE_UNIT ( ) );
#1404 = EDGE_CURVE ( 'NONE', #2473, #1732, #424, .T. ) ;
#1405 = DIRECTION ( 'NONE',  ( 1.000000000000000000, 0.000000000000000000, 7.228014483236696753E-15 ) ) ;
#1406 = EDGE_LOOP ( 'NONE', ( #748, #1338, #587, #1812 ) ) ;
#1407 = CARTESIAN_POINT ( 'NONE',  ( -4.485786437626982703, 0.000000000000000000, 3.425126265847285190 ) ) ;
#1408 = AXIS2_PLACEMENT_3D ( 'NONE', #2026, #1630, #40 ) ;
#1409 = DIRECTION ( 'NONE',  ( -0.000000000000000000, 1.000000000000000000, -0.000000000000000000 ) ) ;
#1410 = ORIENTED_EDGE ( 'NONE', *, *, #1728, .F. ) ;
#1411 = CARTESIAN_POINT ( 'NONE',  ( -10.00000000000004619, 0.000000000000000000, 3.599999999999894840 ) ) ;
#1412 = EDGE_CURVE ( 'NONE', #1836, #2705, #1936, .T. ) ;
#1413 = VERTEX_POINT ( 'NONE', #1310 ) ;
#1414 = CARTESIAN_POINT ( 'NONE',  ( -10.00000000000000178, 100.0000000000000000, 8.499999999999998224 ) ) ;
#1415 = CARTESIAN_POINT ( 'NONE',  ( 9.500000000000074607, 0.000000000000000000, -3.099999999999966782 ) ) ;
#1416 = VECTOR ( 'NONE', #2778, 1000.000000000000000 ) ;
#1417 = ORIENTED_EDGE ( 'NONE', *, *, #1402, .F. ) ;
#1418 = CIRCLE ( 'NONE', #457, 1.999999999999973133 ) ;
#1419 = DIRECTION ( 'NONE',  ( -7.228014483236698330E-15, 0.000000000000000000, -1.000000000000000000 ) ) ;
#1420 = VERTEX_POINT ( 'NONE', #2392 ) ;
#1421 = CARTESIAN_POINT ( 'NONE',  ( 3.399999999999999467, 0.000000000000000000, 9.499999999999998224 ) ) ;
#1422 = CARTESIAN_POINT ( 'NONE',  ( 4.485786437626916090, 0.000000000000000000, 3.425126265847367346 ) ) ;
#1423 = EDGE_LOOP ( 'NONE', ( #1081, #1505, #355, #714 ) ) ;
#1424 = DIRECTION ( 'NONE',  ( -0.7071067811866437181, 0.000000000000000000, 0.7071067811864513164 ) ) ;
#1425 = EDGE_LOOP ( 'NONE', ( #1543, #2172, #1252, #242 ) ) ;
#1426 = VECTOR ( 'NONE', #558, 1000.000000000000000 ) ;
#1427 = DIRECTION ( 'NONE',  ( -1.000000000000000000, -0.000000000000000000, -1.047444401652940007E-14 ) ) ;
#1428 = EDGE_LOOP ( 'NONE', ( #1361, #1668, #1193, #2227 ) ) ;
#1429 = PRODUCT_CONTEXT ( 'NONE', #1891, 'mechanical' ) ;
#1430 = DIRECTION ( 'NONE',  ( 0.000000000000000000, 0.000000000000000000, 1.000000000000000000 ) ) ;
#1431 = AXIS2_PLACEMENT_3D ( 'NONE', #2261, #787, #141 ) ;
#1432 = EDGE_CURVE ( 'NONE', #2792, #875, #454, .T. ) ;
#1433 = EDGE_CURVE ( 'NONE', #535, #875, #10, .T. ) ;
#1434 = LINE ( 'NONE', #2505, #790 ) ;
#1435 = PLANE ( 'NONE',  #1043 ) ;
#1436 = EDGE_CURVE ( 'NONE', #1864, #1788, #1544, .T. ) ;
#1437 = ORIENTED_EDGE ( 'NONE', *, *, #103, .F. ) ;
#1438 = DIRECTION ( 'NONE',  ( 1.047444401652940007E-14, 0.000000000000000000, -1.000000000000000000 ) ) ;
#1439 = DIRECTION ( 'NONE',  ( -1.000000000000000000, 0.000000000000000000, -1.047444401652940007E-14 ) ) ;
#1440 = CARTESIAN_POINT ( 'NONE',  ( -10.00000000000000178, 100.0000000000000000, -8.500000000000003553 ) ) ;
#1441 = EDGE_CURVE ( 'NONE', #44, #860, #439, .T. ) ;
#1442 = ORIENTED_EDGE ( 'NONE', *, *, #2271, .T. ) ;
#1443 = DIRECTION ( 'NONE',  ( 0.000000000000000000, -1.000000000000000000, 0.000000000000000000 ) ) ;
#1444 = AXIS2_PLACEMENT_3D ( 'NONE', #514, #1384, #2254 ) ;
#1445 = CARTESIAN_POINT ( 'NONE',  ( 1.256933281983528008E-14, 100.0000000000000000, -3.600000000000000089 ) ) ;
#1446 = EDGE_LOOP ( 'NONE', ( #1293, #284, #1278, #2232 ) ) ;
#1447 = LINE ( 'NONE', #2303, #2307 ) ;
#1448 = LINE ( 'NONE', #1666, #885 ) ;
#1449 = DIRECTION ( 'NONE',  ( -0.000000000000000000, 1.000000000000000000, -0.000000000000000000 ) ) ;
#1450 = EDGE_CURVE ( 'NONE', #1804, #398, #1298, .T. ) ;
#1451 = AXIS2_PLACEMENT_3D ( 'NONE', #892, #213, #277 ) ;
#1452 = VECTOR ( 'NONE', #1654, 1000.000000000000000 ) ;
#1453 = ORIENTED_EDGE ( 'NONE', *, *, #1480, .F. ) ;
#1454 = ORIENTED_EDGE ( 'NONE', *, *, #2711, .F. ) ;
#1455 = AXIS2_PLACEMENT_3D ( 'NONE', #1344, #2041, #1999 ) ;
#1456 = CARTESIAN_POINT ( 'NONE',  ( -3.100000000000000089, 100.0000000000000000, 0.000000000000000000 ) ) ;
#1457 = UNCERTAINTY_MEASURE_WITH_UNIT (LENGTH_MEASURE( 1.000000000000000082E-05 ), #1776, 'distance_accuracy_value', 'NONE');
#1458 = CARTESIAN_POINT ( 'NONE',  ( -8.199999999999928235, 0.000000000000000000, -5.500000000000085265 ) ) ;
#1459 = ORIENTED_EDGE ( 'NONE', *, *, #841, .T. ) ;
#1460 = LINE ( 'NONE', #1035, #2226 ) ;
#1461 = LINE ( 'NONE', #1261, #1323 ) ;
#1462 = DIRECTION ( 'NONE',  ( -0.000000000000000000, 1.000000000000000000, -0.000000000000000000 ) ) ;
#1463 = DIRECTION ( 'NONE',  ( -0.000000000000000000, 1.000000000000000000, -0.000000000000000000 ) ) ;
#1464 = EDGE_CURVE ( 'NONE', #1319, #1285, #872, .T. ) ;
#1465 = ORIENTED_EDGE ( 'NONE', *, *, #2331, .F. ) ;
#1466 = VERTEX_POINT ( 'NONE', #192 ) ;
#1467 = EDGE_CURVE ( 'NONE', #1251, #1389, #472, .T. ) ;
#1468 = VECTOR ( 'NONE', #1714, 1000.000000000000000 ) ;
#1469 = DIRECTION ( 'NONE',  ( -0.000000000000000000, -1.000000000000000000, -0.000000000000000000 ) ) ;
#1470 = LINE ( 'NONE', #2607, #1678 ) ;
#1471 = ORIENTED_EDGE ( 'NONE', *, *, #1441, .F. ) ;
#1472 = LINE ( 'NONE', #2355, #767 ) ;
#1473 = CARTESIAN_POINT ( 'NONE',  ( -3.600000000000000089, 100.0000000000000000, 0.000000000000000000 ) ) ;
#1474 = VERTEX_POINT ( 'NONE', #408 ) ;
#1475 = DIRECTION ( 'NONE',  ( 0.000000000000000000, 0.000000000000000000, 1.000000000000000000 ) ) ;
#1476 = CARTESIAN_POINT ( 'NONE',  ( -9.700000000000038369, 0.000000000000000000, 3.599999999999898392 ) ) ;
#1477 = DIRECTION ( 'NONE',  ( -0.000000000000000000, 1.000000000000000000, -0.000000000000000000 ) ) ;
#1478 = CARTESIAN_POINT ( 'NONE',  ( 8.500000000000000000, 100.0000000000000000, 9.999999999999998224 ) ) ;
#1479 = VERTEX_POINT ( 'NONE', #2615 ) ;
#1480 = EDGE_CURVE ( 'NONE', #316, #1745, #2043, .T. ) ;
#1481 = ORIENTED_EDGE ( 'NONE', *, *, #2065, .T. ) ;
#1482 = VECTOR ( 'NONE', #1756, 1000.000000000000000 ) ;
#1483 = EDGE_CURVE ( 'NONE', #2081, #939, #1921, .T. ) ;
#1484 = AXIS2_PLACEMENT_3D ( 'NONE', #2338, #170, #2357 ) ;
#1485 = ORIENTED_EDGE ( 'NONE', *, *, #1647, .F. ) ;
#1486 = CARTESIAN_POINT ( 'NONE',  ( -10.00000000000000178, 0.000000000000000000, 9.999999999999998224 ) ) ;
#1487 = CARTESIAN_POINT ( 'NONE',  ( -3.600000000000000089, 0.000000000000000000, -10.00000000000000888 ) ) ;
#1488 = ORIENTED_EDGE ( 'NONE', *, *, #1958, .T. ) ;
#1489 = CARTESIAN_POINT ( 'NONE',  ( -8.199999999999969091, 0.000000000000000000, -3.100000000000085798 ) ) ;
#1490 = CARTESIAN_POINT ( 'NONE',  ( -8.199999999999928235, 0.000000000000000000, -5.500000000000085265 ) ) ;
#1491 = ORIENTED_EDGE ( 'NONE', *, *, #1647, .T. ) ;
#1492 = DIRECTION ( 'NONE',  ( 0.000000000000000000, 0.000000000000000000, 1.000000000000000000 ) ) ;
#1493 = ADVANCED_FACE ( 'NONE', ( #222 ), #2630, .T. ) ;
#1494 = DIRECTION ( 'NONE',  ( -0.000000000000000000, 1.000000000000000000, -0.000000000000000000 ) ) ;
#1495 = CARTESIAN_POINT ( 'NONE',  ( 9.999999999999996447, 0.000000000000000000, 3.600000000000035172 ) ) ;
#1496 = DIRECTION ( 'NONE',  ( -0.000000000000000000, 1.000000000000000000, -0.000000000000000000 ) ) ;
#1497 = VECTOR ( 'NONE', #2266, 1000.000000000000000 ) ;
#1498 = VECTOR ( 'NONE', #1549, 1000.000000000000000 ) ;
#1499 = ORIENTED_EDGE ( 'NONE', *, *, #1110, .F. ) ;
#1500 = ORIENTED_EDGE ( 'NONE', *, *, #2624, .T. ) ;
#1501 = AXIS2_PLACEMENT_3D ( 'NONE', #494, #1599, #468 ) ;
#1502 = ORIENTED_EDGE ( 'NONE', *, *, #1402, .T. ) ;
#1503 = CARTESIAN_POINT ( 'NONE',  ( 3.900000000000008349, 100.0000000000000000, -2.010912703474259544 ) ) ;
#1504 = CARTESIAN_POINT ( 'NONE',  ( 6.560660171779083782, 0.000000000000000000, -5.499999999999976907 ) ) ;
#1505 = ORIENTED_EDGE ( 'NONE', *, *, #1616, .F. ) ;
#1506 = CARTESIAN_POINT ( 'NONE',  ( -3.100000000000000089, 100.0000000000000000, 9.500000000000063949 ) ) ;
#1507 = ORIENTED_EDGE ( 'NONE', *, *, #1821, .T. ) ;
#1508 = CARTESIAN_POINT ( 'NONE',  ( 5.899999999999995026, 0.000000000000000000, 2.010912703474293295 ) ) ;
#1509 = ADVANCED_FACE ( 'NONE', ( #670 ), #1541, .F. ) ;
#1510 = DIRECTION ( 'NONE',  ( 0.000000000000000000, 1.000000000000000000, 0.000000000000000000 ) ) ;
#1511 = DIRECTION ( 'NONE',  ( -1.000000000000000000, 0.000000000000000000, 0.000000000000000000 ) ) ;
#1512 = DIRECTION ( 'NONE',  ( -0.000000000000000000, 1.000000000000000000, 0.000000000000000000 ) ) ;
#1513 = EDGE_LOOP ( 'NONE', ( #510, #1855, #2220, #2520 ) ) ;
#1514 = VECTOR ( 'NONE', #2484, 1000.000000000000000 ) ;
#1515 = ORIENTED_EDGE ( 'NONE', *, *, #269, .F. ) ;
#1516 = ORIENTED_EDGE ( 'NONE', *, *, #971, .T. ) ;
#1517 = PLANE ( 'NONE',  #2704 ) ;
#1518 = CARTESIAN_POINT ( 'NONE',  ( -8.200000000000041922, 0.000000000000000000, 5.499999999999913847 ) ) ;
#1519 = EDGE_LOOP ( 'NONE', ( #735, #864, #1302, #2339 ) ) ;
#1520 = EDGE_CURVE ( 'NONE', #939, #2291, #2199, .T. ) ;
#1521 = DIRECTION ( 'NONE',  ( 0.000000000000000000, 0.000000000000000000, 1.000000000000000000 ) ) ;
#1522 = DIRECTION ( 'NONE',  ( 0.000000000000000000, 0.000000000000000000, 1.000000000000000000 ) ) ;
#1523 = ADVANCED_FACE ( 'NONE', ( #1118 ), #1984, .F. ) ;
#1524 = AXIS2_PLACEMENT_3D ( 'NONE', #1207, #1625, #997 ) ;
#1525 = DIRECTION ( 'NONE',  ( -0.000000000000000000, 1.000000000000000000, -0.000000000000000000 ) ) ;
#1526 = CARTESIAN_POINT ( 'NONE',  ( 9.999999999999998224, 100.0000000000000000, 3.600000000000035616 ) ) ;
#1527 = PLANE ( 'NONE',  #1181 ) ;
#1528 = DIRECTION ( 'NONE',  ( -1.000000000000000000, 0.000000000000000000, -2.232231216292390983E-13 ) ) ;
#1529 = ORIENTED_EDGE ( 'NONE', *, *, #266, .F. ) ;
#1530 = EDGE_LOOP ( 'NONE', ( #2633, #1178, #1711, #17 ) ) ;
#1531 = EDGE_CURVE ( 'NONE', #1909, #2138, #1282, .T. ) ;
#1532 = CARTESIAN_POINT ( 'NONE',  ( -4.485786437626892109, 0.000000000000000000, -3.425126265847398432 ) ) ;
#1533 = ORIENTED_EDGE ( 'NONE', *, *, #103, .T. ) ;
#1534 = CARTESIAN_POINT ( 'NONE',  ( 3.399999999999999467, 100.0000000000000000, 9.700000000000001066 ) ) ;
#1535 = ORIENTED_EDGE ( 'NONE', *, *, #2628, .F. ) ;
#1536 = VERTEX_POINT ( 'NONE', #2453 ) ;
#1537 = FACE_OUTER_BOUND ( 'NONE', #1513, .T. ) ;
#1538 = LINE ( 'NONE', #2010, #1681 ) ;
#1539 = CARTESIAN_POINT ( 'NONE',  ( 4.485786437626959611, 0.000000000000000000, -3.425126265847316720 ) ) ;
#1540 = PLANE ( 'NONE',  #256 ) ;
#1541 = PLANE ( 'NONE',  #912 ) ;
#1542 = LINE ( 'NONE', #2427, #287 ) ;
#1543 = ORIENTED_EDGE ( 'NONE', *, *, #838, .F. ) ;
#1544 = CIRCLE ( 'NONE', #2228, 0.2000000000000013989 ) ;
#1545 = ORIENTED_EDGE ( 'NONE', *, *, #1696, .F. ) ;
#1546 = PRESENTATION_STYLE_ASSIGNMENT (( #241 ) ) ;
#1547 =( GEOMETRIC_REPRESENTATION_CONTEXT ( 3 ) GLOBAL_UNCERTAINTY_ASSIGNED_CONTEXT ( ( #369 ) ) GLOBAL_UNIT_ASSIGNED_CONTEXT ( ( #475, #46, #1403 ) ) REPRESENTATION_CONTEXT ( 'NONE', 'WORKASPACE' ) );
#1548 = ORIENTED_EDGE ( 'NONE', *, *, #1432, .T. ) ;
#1549 = DIRECTION ( 'NONE',  ( 0.000000000000000000, 0.000000000000000000, -1.000000000000000000 ) ) ;
#1550 = VECTOR ( 'NONE', #1128, 1000.000000000000000 ) ;
#1551 = ORIENTED_EDGE ( 'NONE', *, *, #35, .T. ) ;
#1552 = CARTESIAN_POINT ( 'NONE',  ( 2.010912703474272867, 0.000000000000000000, -5.900000000000001243 ) ) ;
#1553 = FILL_AREA_STYLE_COLOUR ( '', #1336 ) ;
#1554 = VECTOR ( 'NONE', #57, 1000.000000000000000 ) ;
#1555 = CARTESIAN_POINT ( 'NONE',  ( 2.010912703474272867, 0.000000000000000000, -5.900000000000001243 ) ) ;
#1556 = CARTESIAN_POINT ( 'NONE',  ( -8.200000000000041922, 0.000000000000000000, 5.499999999999913847 ) ) ;
#1557 = CARTESIAN_POINT ( 'NONE',  ( -9.700000000000036593, 100.0000000000000000, 3.399999999999897771 ) ) ;
#1558 = LINE ( 'NONE', #2257, #1684 ) ;
#1559 = EDGE_LOOP ( 'NONE', ( #1635, #81, #2552, #2368 ) ) ;
#1560 = EDGE_CURVE ( 'NONE', #412, #2824, #299, .T. ) ;
#1561 = EDGE_CURVE ( 'NONE', #1627, #1607, #2242, .T. ) ;
#1562 = CARTESIAN_POINT ( 'NONE',  ( -1.256933281983528008E-14, 100.0000000000000000, 3.600000000000000089 ) ) ;
#1563 = ORIENTED_EDGE ( 'NONE', *, *, #1334, .F. ) ;
#1564 = AXIS2_PLACEMENT_3D ( 'NONE', #2305, #794, #783 ) ;
#1565 = CARTESIAN_POINT ( 'NONE',  ( -5.500000000000000000, 100.0000000000000000, 0.000000000000000000 ) ) ;
#1566 = EDGE_CURVE ( 'NONE', #298, #1602, #2642, .T. ) ;
#1567 = ORIENTED_EDGE ( 'NONE', *, *, #1566, .T. ) ;
#1568 = VERTEX_POINT ( 'NONE', #726 ) ;
#1569 = CARTESIAN_POINT ( 'NONE',  ( 9.999999999999998224, 0.000000000000000000, -8.500000000000003553 ) ) ;
#1570 = SURFACE_STYLE_USAGE ( .BOTH. , #697 ) ;
#1571 = DIRECTION ( 'NONE',  ( 1.000000000000000000, -0.000000000000000000, -2.197316402903959271E-13 ) ) ;
#1572 = LINE ( 'NONE', #1342, #2549 ) ;
#1573 = CARTESIAN_POINT ( 'NONE',  ( 2.010912703474272867, 0.000000000000000000, 5.900000000000001243 ) ) ;
#1574 = VECTOR ( 'NONE', #2362, 1000.000000000000000 ) ;
#1575 = CARTESIAN_POINT ( 'NONE',  ( 0.5303300858902616488, 100.0000000000000000, -0.5303300858904023141 ) ) ;
#1576 = EDGE_LOOP ( 'NONE', ( #2617, #2434, #1377, #126 ) ) ;
#1577 = CARTESIAN_POINT ( 'NONE',  ( -3.399999999999977707, 100.0000000000000000, -9.499999999999998224 ) ) ;
#1578 = ORIENTED_EDGE ( 'NONE', *, *, #20, .T. ) ;
#1579 = ADVANCED_FACE ( 'NONE', ( #947 ), #1588, .F. ) ;
#1580 = CYLINDRICAL_SURFACE ( 'NONE', #292, 1.499999999999999556 ) ;
#1581 = EDGE_CURVE ( 'NONE', #2544, #2490, #1364, .T. ) ;
#1582 = EDGE_CURVE ( 'NONE', #857, #459, #769, .T. ) ;
#1583 = VERTEX_POINT ( 'NONE', #2657 ) ;
#1584 = DIRECTION ( 'NONE',  ( 1.000000000000000000, 0.000000000000000000, 1.047444401652940007E-14 ) ) ;
#1585 = FACE_OUTER_BOUND ( 'NONE', #13, .T. ) ;
#1586 = DIRECTION ( 'NONE',  ( -0.000000000000000000, 1.000000000000000000, -0.000000000000000000 ) ) ;
#1587 = DIRECTION ( 'NONE',  ( -3.246429533292703313E-15, 0.000000000000000000, 1.000000000000000000 ) ) ;
#1588 = PLANE ( 'NONE',  #1775 ) ;
#1589 = LINE ( 'NONE', #2471, #2140 ) ;
#1590 = AXIS2_PLACEMENT_3D ( 'NONE', #986, #1424, #974 ) ;
#1591 = EDGE_LOOP ( 'NONE', ( #345, #1125, #703, #1747 ) ) ;
#1592 = APPLICATION_PROTOCOL_DEFINITION ( 'draft international standard', 'automotive_design', 1998, #1891 ) ;
#1593 = ORIENTED_EDGE ( 'NONE', *, *, #2272, .F. ) ;
#1594 = LINE ( 'NONE', #924, #2746 ) ;
#1595 = AXIS2_PLACEMENT_3D ( 'NONE', #2785, #175, #1100 ) ;
#1596 = ORIENTED_EDGE ( 'NONE', *, *, #553, .T. ) ;
#1597 = VECTOR ( 'NONE', #129, 1000.000000000000000 ) ;
#1598 = DIRECTION ( 'NONE',  ( 0.000000000000000000, 0.000000000000000000, 1.000000000000000000 ) ) ;
#1599 = DIRECTION ( 'NONE',  ( 1.000000000000000000, 0.000000000000000000, 0.000000000000000000 ) ) ;
#1600 = AXIS2_PLACEMENT_3D ( 'NONE', #2755, #1675, #2576 ) ;
#1601 = CARTESIAN_POINT ( 'NONE',  ( 0.5303300858902616488, 100.0000000000000000, 0.5303300858904023141 ) ) ;
#1602 = VERTEX_POINT ( 'NONE', #499 ) ;
#1603 = CARTESIAN_POINT ( 'NONE',  ( -8.199999999999928235, 100.0000000000000000, -5.500000000000085265 ) ) ;
#1604 = DIRECTION ( 'NONE',  ( -0.000000000000000000, 1.000000000000000000, -0.000000000000000000 ) ) ;
#1605 = VECTOR ( 'NONE', #1463, 1000.000000000000000 ) ;
#1606 = EDGE_CURVE ( 'NONE', #2604, #44, #2725, .T. ) ;
#1607 = VERTEX_POINT ( 'NONE', #701 ) ;
#1608 = ORIENTED_EDGE ( 'NONE', *, *, #206, .F. ) ;
#1609 = LINE ( 'NONE', #1872, #1138 ) ;
#1610 = ORIENTED_EDGE ( 'NONE', *, *, #2794, .T. ) ;
#1611 = CARTESIAN_POINT ( 'NONE',  ( -5.500000000000000000, 0.000000000000000000, -6.560660171779064243 ) ) ;
#1612 = FACE_OUTER_BOUND ( 'NONE', #708, .T. ) ;
#1613 = ADVANCED_FACE ( 'NONE', ( #1397 ), #1374, .F. ) ;
#1614 = FACE_OUTER_BOUND ( 'NONE', #162, .T. ) ;
#1615 = ORIENTED_EDGE ( 'NONE', *, *, #2769, .T. ) ;
#1616 = EDGE_CURVE ( 'NONE', #550, #2544, #71, .T. ) ;
#1617 = DIRECTION ( 'NONE',  ( -0.000000000000000000, 0.000000000000000000, -1.000000000000000000 ) ) ;
#1618 = DIRECTION ( 'NONE',  ( 0.000000000000000000, 0.000000000000000000, 1.000000000000000000 ) ) ;
#1619 = ADVANCED_FACE ( 'NONE', ( #285 ), #2470, .F. ) ;
#1620 = VECTOR ( 'NONE', #2334, 1000.000000000000000 ) ;
#1621 = ORIENTED_EDGE ( 'NONE', *, *, #899, .T. ) ;
#1622 = DIRECTION ( 'NONE',  ( -0.000000000000000000, -0.000000000000000000, 1.000000000000000000 ) ) ;
#1623 = ADVANCED_FACE ( 'NONE', ( #313 ), #271, .F. ) ;
#1624 = ORIENTED_EDGE ( 'NONE', *, *, #2331, .T. ) ;
#1625 = DIRECTION ( 'NONE',  ( 1.000000000000000000, 0.000000000000000000, 0.000000000000000000 ) ) ;
#1626 = CARTESIAN_POINT ( 'NONE',  ( -9.499999999999960920, 0.000000000000000000, -3.400000000000098499 ) ) ;
#1627 = VERTEX_POINT ( 'NONE', #82 ) ;
#1628 = DIRECTION ( 'NONE',  ( -2.232231216292390731E-13, 0.000000000000000000, 1.000000000000000000 ) ) ;
#1629 = CARTESIAN_POINT ( 'NONE',  ( -3.425126265847332263, 0.000000000000000000, -4.485786437626947176 ) ) ;
#1630 = DIRECTION ( 'NONE',  ( -0.000000000000000000, 1.000000000000000000, -0.000000000000000000 ) ) ;
#1631 = CARTESIAN_POINT ( 'NONE',  ( -3.425126265847332263, 0.000000000000000000, -4.485786437626947176 ) ) ;
#1632 = VECTOR ( 'NONE', #497, 1000.000000000000000 ) ;
#1633 = VERTEX_POINT ( 'NONE', #1187 ) ;
#1634 = DIRECTION ( 'NONE',  ( -0.000000000000000000, 1.000000000000000000, -0.000000000000000000 ) ) ;
#1635 = ORIENTED_EDGE ( 'NONE', *, *, #2286, .F. ) ;
#1636 = CIRCLE ( 'NONE', #1595, 1.499999999999999556 ) ;
#1637 = CARTESIAN_POINT ( 'NONE',  ( -9.700000000000036593, 0.000000000000000000, 3.399999999999897771 ) ) ;
#1638 = AXIS2_PLACEMENT_3D ( 'NONE', #1785, #1998, #531 ) ;
#1639 = DIRECTION ( 'NONE',  ( -0.000000000000000000, 1.000000000000000000, -0.000000000000000000 ) ) ;
#1640 = ORIENTED_EDGE ( 'NONE', *, *, #1744, .F. ) ;
#1641 = FACE_OUTER_BOUND ( 'NONE', #1446, .T. ) ;
#1642 = EDGE_LOOP ( 'NONE', ( #2723, #2621, #647, #635 ) ) ;
#1643 = LINE ( 'NONE', #1440, #698 ) ;
#1644 = AXIS2_PLACEMENT_3D ( 'NONE', #2196, #1966, #2023 ) ;
#1645 = VERTEX_POINT ( 'NONE', #1603 ) ;
#1646 = EDGE_CURVE ( 'NONE', #99, #740, #1356, .T. ) ;
#1647 = EDGE_CURVE ( 'NONE', #1842, #412, #2709, .T. ) ;
#1648 = CARTESIAN_POINT ( 'NONE',  ( -3.600000000000000977, 0.000000000000000000, 9.700000000000001066 ) ) ;
#1649 = ADVANCED_FACE ( 'NONE', ( #1826 ), #2696, .F. ) ;
#1650 = DIRECTION ( 'NONE',  ( 1.770245849976609840E-14, 0.000000000000000000, -1.000000000000000000 ) ) ;
#1651 = DIRECTION ( 'NONE',  ( -0.000000000000000000, 1.000000000000000000, -0.000000000000000000 ) ) ;
#1652 = ORIENTED_EDGE ( 'NONE', *, *, #2351, .T. ) ;
#1653 = DIRECTION ( 'NONE',  ( -0.000000000000000000, 1.000000000000000000, -0.000000000000000000 ) ) ;
#1654 = DIRECTION ( 'NONE',  ( 0.000000000000000000, -1.000000000000000000, 0.000000000000000000 ) ) ;
#1655 = EDGE_CURVE ( 'NONE', #149, #789, #2053, .T. ) ;
#1656 = CIRCLE ( 'NONE', #2019, 1.999999999999973577 ) ;
#1657 = PLANE ( 'NONE',  #2779 ) ;
#1658 = DIRECTION ( 'NONE',  ( -0.000000000000000000, -0.000000000000000000, -1.000000000000000000 ) ) ;
#1659 = VECTOR ( 'NONE', #851, 1000.000000000000000 ) ;
#1660 = ORIENTED_EDGE ( 'NONE', *, *, #1655, .T. ) ;
#1661 = CARTESIAN_POINT ( 'NONE',  ( -8.200000000000041922, 0.000000000000000000, 5.499999999999913847 ) ) ;
#1662 = DIRECTION ( 'NONE',  ( -0.000000000000000000, -1.000000000000000000, -0.000000000000000000 ) ) ;
#1663 = EDGE_CURVE ( 'NONE', #1568, #114, #541, .T. ) ;
#1664 = ORIENTED_EDGE ( 'NONE', *, *, #319, .F. ) ;
#1665 = CARTESIAN_POINT ( 'NONE',  ( 9.500000000000053291, 0.000000000000000000, 3.100000000000032951 ) ) ;
#1666 = CARTESIAN_POINT ( 'NONE',  ( 10.00000000000002132, 0.000000000000000000, -3.599999999999964562 ) ) ;
#1667 = CARTESIAN_POINT ( 'NONE',  ( -10.00000000000000178, 100.0000000000000000, 9.999999999999998224 ) ) ;
#1668 = ORIENTED_EDGE ( 'NONE', *, *, #2698, .F. ) ;
#1669 = ORIENTED_EDGE ( 'NONE', *, *, #2070, .T. ) ;
#1670 = LINE ( 'NONE', #632, #148 ) ;
#1671 = VECTOR ( 'NONE', #1571, 1000.000000000000000 ) ;
#1672 = CARTESIAN_POINT ( 'NONE',  ( -5.500000000000000000, 0.000000000000000000, 8.199999999999985079 ) ) ;
#1673 = ORIENTED_EDGE ( 'NONE', *, *, #1436, .T. ) ;
#1674 = DIRECTION ( 'NONE',  ( -0.000000000000000000, 1.000000000000000000, -0.000000000000000000 ) ) ;
#1675 = DIRECTION ( 'NONE',  ( 0.000000000000000000, 1.000000000000000000, 0.000000000000000000 ) ) ;
#1676 = CARTESIAN_POINT ( 'NONE',  ( 9.500000000000053291, 100.0000000000000000, 3.100000000000032951 ) ) ;
#1677 = EDGE_CURVE ( 'NONE', #2591, #2636, #327, .T. ) ;
#1678 = VECTOR ( 'NONE', #432, 1000.000000000000000 ) ;
#1679 = EDGE_CURVE ( 'NONE', #2348, #1466, #897, .T. ) ;
#1680 = CARTESIAN_POINT ( 'NONE',  ( 3.600000000000000089, 0.000000000000000000, -10.00000000000000888 ) ) ;
#1681 = VECTOR ( 'NONE', #1143, 1000.000000000000000 ) ;
#1682 = VERTEX_POINT ( 'NONE', #736 ) ;
#1683 = VERTEX_POINT ( 'NONE', #2195 ) ;
#1684 = VECTOR ( 'NONE', #2200, 1000.000000000000000 ) ;
#1685 = LINE ( 'NONE', #2350, #1242 ) ;
#1686 = LINE ( 'NONE', #2556, #2820 ) ;
#1687 = VERTEX_POINT ( 'NONE', #1992 ) ;
#1688 = FACE_OUTER_BOUND ( 'NONE', #1009, .T. ) ;
#1689 = LINE ( 'NONE', #373, #1975 ) ;
#1690 = ORIENTED_EDGE ( 'NONE', *, *, #1979, .F. ) ;
#1691 = CARTESIAN_POINT ( 'NONE',  ( -9.700000000000038369, 0.000000000000000000, 3.599999999999898392 ) ) ;
#1692 = FACE_OUTER_BOUND ( 'NONE', #733, .T. ) ;
#1693 = ADVANCED_FACE ( 'NONE', ( #2209 ), #33, .F. ) ;
#1694 = AXIS2_PLACEMENT_3D ( 'NONE', #2697, #2079, #314 ) ;
#1695 = LINE ( 'NONE', #2564, #732 ) ;
#1696 = EDGE_CURVE ( 'NONE', #2636, #550, #1010, .T. ) ;
#1697 = ORIENTED_EDGE ( 'NONE', *, *, #2351, .F. ) ;
#1698 = ORIENTED_EDGE ( 'NONE', *, *, #1935, .F. ) ;
#1699 = ORIENTED_EDGE ( 'NONE', *, *, #2698, .T. ) ;
#1700 = DIRECTION ( 'NONE',  ( -0.000000000000000000, 1.000000000000000000, -0.000000000000000000 ) ) ;
#1701 = EDGE_CURVE ( 'NONE', #2348, #293, #1127, .T. ) ;
#1702 = CARTESIAN_POINT ( 'NONE',  ( 3.425126265847332263, 0.000000000000000000, 4.485786437626947176 ) ) ;
#1703 = ORIENTED_EDGE ( 'NONE', *, *, #333, .T. ) ;
#1704 = CARTESIAN_POINT ( 'NONE',  ( 0.000000000000000000, 100.0000000000000000, 0.000000000000000000 ) ) ;
#1705 = CARTESIAN_POINT ( 'NONE',  ( 8.500000000000000000, 100.0000000000000000, -10.00000000000000178 ) ) ;
#1706 = EDGE_LOOP ( 'NONE', ( #2532, #2810, #1074, #2775 ) ) ;
#1707 = DIRECTION ( 'NONE',  ( 1.000000000000000000, -0.000000000000000000, 0.000000000000000000 ) ) ;
#1708 = DIRECTION ( 'NONE',  ( 1.047444401652940007E-14, 0.000000000000000000, -1.000000000000000000 ) ) ;
#1709 = DIRECTION ( 'NONE',  ( 0.000000000000000000, 0.000000000000000000, 1.000000000000000000 ) ) ;
#1710 = CARTESIAN_POINT ( 'NONE',  ( -9.500000000000744294, 100.0000000000000000, -2.186957800915961715E-12 ) ) ;
#1711 = ORIENTED_EDGE ( 'NONE', *, *, #2098, .T. ) ;
#1712 = ORIENTED_EDGE ( 'NONE', *, *, #269, .T. ) ;
#1713 = ORIENTED_EDGE ( 'NONE', *, *, #417, .T. ) ;
#1714 = DIRECTION ( 'NONE',  ( 1.000000000000000000, 0.000000000000000000, 0.000000000000000000 ) ) ;
#1715 = PLANE ( 'NONE',  #775 ) ;
#1716 = VERTEX_POINT ( 'NONE', #709 ) ;
#1717 = LINE ( 'NONE', #636, #90 ) ;
#1718 = ORIENTED_EDGE ( 'NONE', *, *, #1300, .T. ) ;
#1719 = LINE ( 'NONE', #868, #186 ) ;
#1720 = CARTESIAN_POINT ( 'NONE',  ( -3.247077645124114020E-14, 100.0000000000000000, 3.100000000000000089 ) ) ;
#1721 = VECTOR ( 'NONE', #2545, 1000.000000000000000 ) ;
#1722 = DIRECTION ( 'NONE',  ( -0.000000000000000000, 1.000000000000000000, -0.000000000000000000 ) ) ;
#1723 = CARTESIAN_POINT ( 'NONE',  ( 4.485786437626830825, 100.0000000000000000, 3.425126265847262541 ) ) ;
#1724 = VECTOR ( 'NONE', #2068, 1000.000000000000000 ) ;
#1725 = VECTOR ( 'NONE', #2004, 999.9999999999998863 ) ;
#1726 = VECTOR ( 'NONE', #1362, 1000.000000000000000 ) ;
#1727 = ORIENTED_EDGE ( 'NONE', *, *, #3, .T. ) ;
#1728 = EDGE_CURVE ( 'NONE', #2705, #877, #281, .T. ) ;
#1729 = VERTEX_POINT ( 'NONE', #914 ) ;
#1730 = CIRCLE ( 'NONE', #1600, 2.100000000000000089 ) ;
#1731 = CIRCLE ( 'NONE', #173, 0.2000000000000022593 ) ;
#1732 = VERTEX_POINT ( 'NONE', #1169 ) ;
#1733 = EDGE_CURVE ( 'NONE', #761, #828, #1112, .T. ) ;
#1734 = LINE ( 'NONE', #413, #14 ) ;
#1735 = VECTOR ( 'NONE', #1766, 1000.000000000000000 ) ;
#1736 = LINE ( 'NONE', #1151, #1725 ) ;
#1737 = ORIENTED_EDGE ( 'NONE', *, *, #2447, .T. ) ;
#1738 = DIRECTION ( 'NONE',  ( -1.000000000000000000, 0.000000000000000000, 2.197316402903959271E-13 ) ) ;
#1739 = LINE ( 'NONE', #806, #330 ) ;
#1740 = CARTESIAN_POINT ( 'NONE',  ( -3.100000000000000089, 0.000000000000000000, 9.500000000000063949 ) ) ;
#1741 = LINE ( 'NONE', #1556, #2582 ) ;
#1742 = DIRECTION ( 'NONE',  ( -0.000000000000000000, 1.000000000000000000, -0.000000000000000000 ) ) ;
#1743 = DIRECTION ( 'NONE',  ( 0.000000000000000000, 0.000000000000000000, 1.000000000000000000 ) ) ;
#1744 = EDGE_CURVE ( 'NONE', #1987, #398, #450, .T. ) ;
#1745 = VERTEX_POINT ( 'NONE', #1569 ) ;
#1746 = CIRCLE ( 'NONE', #519, 1.499999999999999556 ) ;
#1747 = ORIENTED_EDGE ( 'NONE', *, *, #1769, .T. ) ;
#1748 = ORIENTED_EDGE ( 'NONE', *, *, #167, .T. ) ;
#1749 = DIRECTION ( 'NONE',  ( 1.000000000000000000, 0.000000000000000000, 1.047444401652940007E-14 ) ) ;
#1750 = VECTOR ( 'NONE', #2534, 1000.000000000000000 ) ;
#1751 = ORIENTED_EDGE ( 'NONE', *, *, #773, .T. ) ;
#1752 = VECTOR ( 'NONE', #1926, 1000.000000000000000 ) ;
#1753 = CARTESIAN_POINT ( 'NONE',  ( -5.500000000000000000, 100.0000000000000000, 6.560660171779064243 ) ) ;
#1754 = FILL_AREA_STYLE ('',( #1553 ) ) ;
#1755 = LINE ( 'NONE', #160, #395 ) ;
#1756 = DIRECTION ( 'NONE',  ( -0.000000000000000000, 1.000000000000000000, 0.000000000000000000 ) ) ;
#1757 = CARTESIAN_POINT ( 'NONE',  ( 3.100000000000000089, 0.000000000000000000, -9.500000000000063949 ) ) ;
#1758 = CARTESIAN_POINT ( 'NONE',  ( 8.199999999999992184, 0.000000000000000000, 3.100000000000028511 ) ) ;
#1759 = ORIENTED_EDGE ( 'NONE', *, *, #2537, .T. ) ;
#1760 = ORIENTED_EDGE ( 'NONE', *, *, #123, .F. ) ;
#1761 = EDGE_LOOP ( 'NONE', ( #1791, #1567, #183, #1988, #74, #1551, #609, #1669, #2332, #30, #2285, #503, #1515, #1488, #1275, #795, #2588, #76, #2156, #1332, #2494, #1160, #522, #2194, #47, #1163, #874, #2176, #1092, #1596, #32, #958, #442, #2308, #1190, #1850, #1491, #302, #2201, #1060, #1751, #1976, #1152, #2750, #197, #1134, #1209, #2666, #2186, #1481, #2417, #581, #880, #1748, #694, #2719, #2433, #1578, #2619, #490, #1095, #533, #557, #2008, #2472, #1268, #1031, #2163, #479, #1713, #2158, #2603, #2097, #1502, #2000, #1861, #2753, #1956, #1882, #1025 ) ) ;
#1762 = LINE ( 'NONE', #1348, #2458 ) ;
#1763 = AXIS2_PLACEMENT_3D ( 'NONE', #2424, #2197, #2451 ) ;
#1764 = ORIENTED_EDGE ( 'NONE', *, *, #2808, .F. ) ;
#1765 = ORIENTED_EDGE ( 'NONE', *, *, #2016, .T. ) ;
#1766 = DIRECTION ( 'NONE',  ( -0.000000000000000000, -0.000000000000000000, 1.000000000000000000 ) ) ;
#1767 = CARTESIAN_POINT ( 'NONE',  ( -10.00000000000000178, 100.0000000000000000, -3.600000000000104894 ) ) ;
#1768 = CARTESIAN_POINT ( 'NONE',  ( 3.100000000000000089, 0.000000000000000000, 9.500000000000063949 ) ) ;
#1769 = EDGE_CURVE ( 'NONE', #433, #575, #1327, .T. ) ;
#1770 = CARTESIAN_POINT ( 'NONE',  ( 2.010912703474272867, 0.000000000000000000, 3.900000000000001688 ) ) ;
#1771 = LINE ( 'NONE', #1575, #965 ) ;
#1772 = ADVANCED_FACE ( 'NONE', ( #1141 ), #2640, .F. ) ;
#1773 = EDGE_CURVE ( 'NONE', #1729, #1001, #276, .T. ) ;
#1774 = ORIENTED_EDGE ( 'NONE', *, *, #1981, .F. ) ;
#1775 = AXIS2_PLACEMENT_3D ( 'NONE', #100, #2483, #253 ) ;
#1776 =( LENGTH_UNIT ( ) NAMED_UNIT ( * ) SI_UNIT ( .MILLI., .METRE. ) );
#1777 = VERTEX_POINT ( 'NONE', #1156 ) ;
#1778 = CARTESIAN_POINT ( 'NONE',  ( -3.600000000000000089, 100.0000000000000000, -10.00000000000000888 ) ) ;
#1779 = VECTOR ( 'NONE', #383, 1000.000000000000000 ) ;
#1780 = ORIENTED_EDGE ( 'NONE', *, *, #1019, .F. ) ;
#1781 = DIRECTION ( 'NONE',  ( -1.000000000000000000, 0.000000000000000000, -3.491481338843133355E-15 ) ) ;
#1782 = VECTOR ( 'NONE', #948, 1000.000000000000000 ) ;
#1783 = CARTESIAN_POINT ( 'NONE',  ( -3.899999999999980815, 100.0000000000000000, -2.010912703474313723 ) ) ;
#1784 = CARTESIAN_POINT ( 'NONE',  ( -9.500000000000033751, 0.000000000000000000, 3.399999999999899991 ) ) ;
#1785 = CARTESIAN_POINT ( 'NONE',  ( -8.199999999999928235, 0.000000000000000000, -5.500000000000085265 ) ) ;
#1786 = LINE ( 'NONE', #1149, #827 ) ;
#1787 = ADVANCED_FACE ( 'NONE', ( #2022 ), #2421, .F. ) ;
#1788 = VERTEX_POINT ( 'NONE', #493 ) ;
#1789 = EDGE_CURVE ( 'NONE', #2460, #195, #506, .T. ) ;
#1790 = CARTESIAN_POINT ( 'NONE',  ( 9.699999999999988631, 0.000000000000000000, 3.600000000000034728 ) ) ;
#1791 = ORIENTED_EDGE ( 'NONE', *, *, #995, .T. ) ;
#1792 = AXIS2_PLACEMENT_3D ( 'NONE', #1508, #1263, #1475 ) ;
#1793 = CYLINDRICAL_SURFACE ( 'NONE', #1881, 1.999999999999973133 ) ;
#1794 = ORIENTED_EDGE ( 'NONE', *, *, #480, .T. ) ;
#1795 = ORIENTED_EDGE ( 'NONE', *, *, #859, .T. ) ;
#1796 = DIRECTION ( 'NONE',  ( -0.000000000000000000, 1.000000000000000000, -0.000000000000000000 ) ) ;
#1797 = EDGE_CURVE ( 'NONE', #2798, #1745, #695, .T. ) ;
#1798 = DIRECTION ( 'NONE',  ( 0.000000000000000000, 0.000000000000000000, -1.000000000000000000 ) ) ;
#1799 = LINE ( 'NONE', #2011, #2805 ) ;
#1800 = DIRECTION ( 'NONE',  ( -0.000000000000000000, 1.000000000000000000, 0.000000000000000000 ) ) ;
#1801 = DIRECTION ( 'NONE',  ( -0.000000000000000000, 1.000000000000000000, 0.000000000000000000 ) ) ;
#1802 = VECTOR ( 'NONE', #1012, 1000.000000000000000 ) ;
#1803 = CARTESIAN_POINT ( 'NONE',  ( 9.500000000000074607, 0.000000000000000000, -3.099999999999966782 ) ) ;
#1804 = VERTEX_POINT ( 'NONE', #1367 ) ;
#1805 = ORIENTED_EDGE ( 'NONE', *, *, #2016, .F. ) ;
#1806 = LINE ( 'NONE', #259, #771 ) ;
#1807 = ORIENTED_EDGE ( 'NONE', *, *, #1233, .T. ) ;
#1808 = LINE ( 'NONE', #722, #321 ) ;
#1809 = EDGE_CURVE ( 'NONE', #1230, #2249, #2096, .T. ) ;
#1810 = FACE_OUTER_BOUND ( 'NONE', #1917, .T. ) ;
#1811 = DIRECTION ( 'NONE',  ( -0.7071067811866412756, 0.000000000000000000, 0.7071067811864537589 ) ) ;
#1812 = ORIENTED_EDGE ( 'NONE', *, *, #1933, .F. ) ;
#1813 = DIRECTION ( 'NONE',  ( -1.000000000000000000, 0.000000000000000000, 0.000000000000000000 ) ) ;
#1814 = CARTESIAN_POINT ( 'NONE',  ( -3.100000000000000089, 0.000000000000000000, -9.500000000000063949 ) ) ;
#1815 = AXIS2_PLACEMENT_3D ( 'NONE', #1395, #1236, #1199 ) ;
#1816 = ORIENTED_EDGE ( 'NONE', *, *, #859, .F. ) ;
#1817 = EDGE_LOOP ( 'NONE', ( #1335, #2561, #2514, #1333 ) ) ;
#1818 = EDGE_CURVE ( 'NONE', #398, #15, #1808, .T. ) ;
#1819 = LINE ( 'NONE', #2489, #273 ) ;
#1820 = ORIENTED_EDGE ( 'NONE', *, *, #2193, .F. ) ;
#1821 = EDGE_CURVE ( 'NONE', #1583, #1536, #295, .T. ) ;
#1822 = CARTESIAN_POINT ( 'NONE',  ( -5.500000000000000000, 0.000000000000000000, -8.199999999999985079 ) ) ;
#1823 = CARTESIAN_POINT ( 'NONE',  ( -10.00000000000000178, 100.0000000000000000, 9.999999999999998224 ) ) ;
#1824 = CARTESIAN_POINT ( 'NONE',  ( 3.100000000000000089, 100.0000000000000000, -9.500000000000063949 ) ) ;
#1825 = ORIENTED_EDGE ( 'NONE', *, *, #2677, .T. ) ;
#1826 = FACE_OUTER_BOUND ( 'NONE', #1964, .T. ) ;
#1827 = CARTESIAN_POINT ( 'NONE',  ( -8.500000000000001776, 100.0000000000000000, -8.500000000000003553 ) ) ;
#1828 = AXIS2_PLACEMENT_3D ( 'NONE', #1324, #21, #1598 ) ;
#1829 = ORIENTED_EDGE ( 'NONE', *, *, #487, .T. ) ;
#1830 = EDGE_CURVE ( 'NONE', #342, #2824, #640, .T. ) ;
#1831 = CARTESIAN_POINT ( 'NONE',  ( -3.425126265847237228, 100.0000000000000000, -4.485786437626852141 ) ) ;
#1832 = ORIENTED_EDGE ( 'NONE', *, *, #2447, .F. ) ;
#1833 = FACE_OUTER_BOUND ( 'NONE', #1892, .T. ) ;
#1834 = LINE ( 'NONE', #1823, #918 ) ;
#1835 = ADVANCED_FACE ( 'NONE', ( #2155 ), #1299, .F. ) ;
#1836 = VERTEX_POINT ( 'NONE', #1953 ) ;
#1837 = LINE ( 'NONE', #1665, #579 ) ;
#1838 = LINE ( 'NONE', #1629, #1841 ) ;
#1839 = DIRECTION ( 'NONE',  ( -1.000000000000000000, 0.000000000000000000, 0.000000000000000000 ) ) ;
#1840 = FACE_OUTER_BOUND ( 'NONE', #312, .T. ) ;
#1841 = VECTOR ( 'NONE', #782, 1000.000000000000000 ) ;
#1842 = VERTEX_POINT ( 'NONE', #2788 ) ;
#1843 = DIRECTION ( 'NONE',  ( 1.000000000000000000, 0.000000000000000000, 2.197316402903959271E-13 ) ) ;
#1844 = EDGE_CURVE ( 'NONE', #459, #857, #2192, .T. ) ;
#1845 = ORIENTED_EDGE ( 'NONE', *, *, #266, .T. ) ;
#1846 = LINE ( 'NONE', #1421, #1068 ) ;
#1847 = DIRECTION ( 'NONE',  ( 0.7071067811866412756, 0.000000000000000000, -0.7071067811864537589 ) ) ;
#1848 = ORIENTED_EDGE ( 'NONE', *, *, #2486, .F. ) ;
#1849 = DIRECTION ( 'NONE',  ( 0.000000000000000000, 1.000000000000000000, 0.000000000000000000 ) ) ;
#1850 = ORIENTED_EDGE ( 'NONE', *, *, #792, .T. ) ;
#1851 = EDGE_CURVE ( 'NONE', #2798, #1111, #208, .T. ) ;
#1852 = CARTESIAN_POINT ( 'NONE',  ( -9.499999999999960920, 0.000000000000000000, -3.400000000000098499 ) ) ;
#1853 = AXIS2_PLACEMENT_3D ( 'NONE', #270, #886, #711 ) ;
#1854 = EDGE_CURVE ( 'NONE', #2790, #1873, #1087, .T. ) ;
#1855 = ORIENTED_EDGE ( 'NONE', *, *, #2772, .F. ) ;
#1856 = DIRECTION ( 'NONE',  ( -1.000000000000000000, 0.000000000000000000, 7.228014483236698330E-15 ) ) ;
#1857 = EDGE_CURVE ( 'NONE', #2583, #1716, #1418, .T. ) ;
#1858 = LINE ( 'NONE', #2309, #294 ) ;
#1859 = VECTOR ( 'NONE', #1008, 1000.000000000000000 ) ;
#1860 = DIRECTION ( 'NONE',  ( 0.7071067811866412756, 0.000000000000000000, 0.7071067811864537589 ) ) ;
#1861 = ORIENTED_EDGE ( 'NONE', *, *, #1404, .T. ) ;
#1862 = VECTOR ( 'NONE', #2342, 1000.000000000000000 ) ;
#1863 = LINE ( 'NONE', #556, #807 ) ;
#1864 = VERTEX_POINT ( 'NONE', #1250 ) ;
#1865 = FACE_OUTER_BOUND ( 'NONE', #2244, .T. ) ;
#1866 = AXIS2_PLACEMENT_3D ( 'NONE', #2062, #1208, #1847 ) ;
#1867 = EDGE_LOOP ( 'NONE', ( #953, #2763 ) ) ;
#1868 = AXIS2_PLACEMENT_3D ( 'NONE', #681, #52, #1584 ) ;
#1869 = EDGE_CURVE ( 'NONE', #2401, #309, #607, .T. ) ;
#1870 = APPLICATION_PROTOCOL_DEFINITION ( 'draft international standard', 'automotive_design', 1998, #821 ) ;
#1871 = EDGE_CURVE ( 'NONE', #1200, #404, #825, .T. ) ;
#1872 = CARTESIAN_POINT ( 'NONE',  ( 5.500000000000000000, 0.000000000000000000, -8.199999999999985079 ) ) ;
#1873 = VERTEX_POINT ( 'NONE', #2184 ) ;
#1874 = DIRECTION ( 'NONE',  ( -0.000000000000000000, 1.000000000000000000, -0.000000000000000000 ) ) ;
#1875 = DIRECTION ( 'NONE',  ( 0.000000000000000000, 0.000000000000000000, 1.000000000000000000 ) ) ;
#1876 = ORIENTED_EDGE ( 'NONE', *, *, #2112, .F. ) ;
#1877 = DIRECTION ( 'NONE',  ( 0.000000000000000000, -1.000000000000000000, 0.000000000000000000 ) ) ;
#1878 = LINE ( 'NONE', #819, #2106 ) ;
#1879 = AXIS2_PLACEMENT_3D ( 'NONE', #2105, #1707, #2578 ) ;
#1880 = PLANE ( 'NONE',  #1564 ) ;
#1881 = AXIS2_PLACEMENT_3D ( 'NONE', #2218, #464, #491 ) ;
#1882 = ORIENTED_EDGE ( 'NONE', *, *, #1177, .F. ) ;
#1883 = ORIENTED_EDGE ( 'NONE', *, *, #908, .T. ) ;
#1884 = FACE_OUTER_BOUND ( 'NONE', #1425, .T. ) ;
#1885 = DIRECTION ( 'NONE',  ( -0.000000000000000000, 1.000000000000000000, -0.000000000000000000 ) ) ;
#1886 = ORIENTED_EDGE ( 'NONE', *, *, #1902, .T. ) ;
#1887 = CARTESIAN_POINT ( 'NONE',  ( -8.500000000000001776, 100.0000000000000000, -8.500000000000003553 ) ) ;
#1888 = ADVANCED_FACE ( 'NONE', ( #409 ), #1937, .F. ) ;
#1889 = DIRECTION ( 'NONE',  ( 0.000000000000000000, 1.000000000000000000, 0.000000000000000000 ) ) ;
#1890 = LINE ( 'NONE', #174, #2287 ) ;
#1891 = APPLICATION_CONTEXT ( 'automotive_design' ) ;
#1892 = EDGE_LOOP ( 'NONE', ( #1089, #1345, #949, #1961 ) ) ;
#1893 = VERTEX_POINT ( 'NONE', #2581 ) ;
#1894 = EDGE_CURVE ( 'NONE', #1066, #1122, #1312, .T. ) ;
#1895 = CARTESIAN_POINT ( 'NONE',  ( 3.600000000000000089, 0.000000000000000000, 10.00000000000000888 ) ) ;
#1896 = DIRECTION ( 'NONE',  ( 0.000000000000000000, 0.000000000000000000, -1.000000000000000000 ) ) ;
#1897 = EDGE_CURVE ( 'NONE', #1380, #1235, #2364, .T. ) ;
#1898 = ORIENTED_EDGE ( 'NONE', *, *, #2272, .T. ) ;
#1899 = DIRECTION ( 'NONE',  ( -0.000000000000000000, -1.000000000000000000, -0.000000000000000000 ) ) ;
#1900 = DIRECTION ( 'NONE',  ( -0.7071067811866412756, 0.000000000000000000, -0.7071067811864537589 ) ) ;
#1901 = AXIS2_PLACEMENT_3D ( 'NONE', #685, #25, #904 ) ;
#1902 = EDGE_CURVE ( 'NONE', #1893, #2034, #161, .T. ) ;
#1903 = FACE_OUTER_BOUND ( 'NONE', #2446, .T. ) ;
#1904 = DIRECTION ( 'NONE',  ( 0.000000000000000000, 0.000000000000000000, 1.000000000000000000 ) ) ;
#1905 = DIRECTION ( 'NONE',  ( 0.000000000000000000, -0.000000000000000000, 1.000000000000000000 ) ) ;
#1906 = AXIS2_PLACEMENT_3D ( 'NONE', #118, #998, #2729 ) ;
#1907 = EDGE_CURVE ( 'NONE', #2538, #427, #840, .T. ) ;
#1908 = ORIENTED_EDGE ( 'NONE', *, *, #304, .F. ) ;
#1909 = VERTEX_POINT ( 'NONE', #1039 ) ;
#1910 = VECTOR ( 'NONE', #1512, 1000.000000000000000 ) ;
#1911 = ORIENTED_EDGE ( 'NONE', *, *, #2611, .F. ) ;
#1912 = LINE ( 'NONE', #2777, #1752 ) ;
#1913 = CARTESIAN_POINT ( 'NONE',  ( 3.100000000000000089, 0.000000000000000000, 8.200000000000002842 ) ) ;
#1914 = VERTEX_POINT ( 'NONE', #2551 ) ;
#1915 = DIRECTION ( 'NONE',  ( 2.197316402903959271E-13, 0.000000000000000000, -1.000000000000000000 ) ) ;
#1916 = CARTESIAN_POINT ( 'NONE',  ( 2.010912703474272867, 100.0000000000000000, 5.900000000000001243 ) ) ;
#1917 = EDGE_LOOP ( 'NONE', ( #2203, #1971, #2758, #1690 ) ) ;
#1918 = DIRECTION ( 'NONE',  ( -0.000000000000000000, 1.000000000000000000, -0.000000000000000000 ) ) ;
#1919 = CARTESIAN_POINT ( 'NONE',  ( -3.399999999999999467, 0.000000000000000000, 9.499999999999998224 ) ) ;
#1920 = AXIS2_PLACEMENT_3D ( 'NONE', #2225, #920, #272 ) ;
#1921 = LINE ( 'NONE', #657, #1225 ) ;
#1922 = LINE ( 'NONE', #1478, #2419 ) ;
#1923 = ORIENTED_EDGE ( 'NONE', *, *, #2587, .T. ) ;
#1924 = ORIENTED_EDGE ( 'NONE', *, *, #1789, .T. ) ;
#1925 = ORIENTED_EDGE ( 'NONE', *, *, #841, .F. ) ;
#1926 = DIRECTION ( 'NONE',  ( -0.000000000000000000, 1.000000000000000000, -0.000000000000000000 ) ) ;
#1927 = CIRCLE ( 'NONE', #567, 1.999999999999973133 ) ;
#1928 = CARTESIAN_POINT ( 'NONE',  ( -5.500000000000000000, 0.000000000000000000, 6.560660171779064243 ) ) ;
#1929 = ORIENTED_EDGE ( 'NONE', *, *, #1561, .F. ) ;
#1930 = DIRECTION ( 'NONE',  ( 1.000000000000000000, 0.000000000000000000, 1.040834085586098298E-14 ) ) ;
#1931 = EDGE_LOOP ( 'NONE', ( #820, #171, #2429, #371 ) ) ;
#1932 = CARTESIAN_POINT ( 'NONE',  ( 3.600000000000000089, 100.0000000000000000, 0.000000000000000000 ) ) ;
#1933 = EDGE_CURVE ( 'NONE', #1645, #2116, #1695, .T. ) ;
#1934 = DIRECTION ( 'NONE',  ( 0.000000000000000000, 0.000000000000000000, -1.000000000000000000 ) ) ;
#1935 = EDGE_CURVE ( 'NONE', #2005, #298, #1922, .T. ) ;
#1936 = LINE ( 'NONE', #207, #2001 ) ;
#1937 = PLANE ( 'NONE',  #2055 ) ;
#1938 = ADVANCED_FACE ( 'NONE', ( #1266 ), #2802, .F. ) ;
#1939 = ORIENTED_EDGE ( 'NONE', *, *, #246, .T. ) ;
#1940 = ORIENTED_EDGE ( 'NONE', *, *, #301, .F. ) ;
#1941 = VERTEX_POINT ( 'NONE', #1723 ) ;
#1942 = DIRECTION ( 'NONE',  ( -1.000000000000000000, 0.000000000000000000, 0.000000000000000000 ) ) ;
#1943 = LINE ( 'NONE', #2752, #1270 ) ;
#1944 = ADVANCED_FACE ( 'NONE', ( #2600, #2646 ), #473, .F. ) ;
#1945 = ORIENTED_EDGE ( 'NONE', *, *, #1153, .T. ) ;
#1946 = VECTOR ( 'NONE', #1653, 1000.000000000000000 ) ;
#1947 = LINE ( 'NONE', #217, #964 ) ;
#1948 = VERTEX_POINT ( 'NONE', #286 ) ;
#1949 = CARTESIAN_POINT ( 'NONE',  ( 3.399999999999999467, 0.000000000000000000, 9.700000000000001066 ) ) ;
#1950 = DIRECTION ( 'NONE',  ( 1.000000000000000000, 0.000000000000000000, 2.197316402903959271E-13 ) ) ;
#1951 = CARTESIAN_POINT ( 'NONE',  ( -9.699999999999963762, 0.000000000000000000, -3.400000000000100719 ) ) ;
#1952 = DIRECTION ( 'NONE',  ( 0.000000000000000000, 0.000000000000000000, 1.000000000000000000 ) ) ;
#1953 = CARTESIAN_POINT ( 'NONE',  ( 8.200000000000004619, 0.000000000000000000, -5.499999999999970690 ) ) ;
#1954 = STYLED_ITEM ( 'NONE', ( #1546 ), #244 ) ;
#1955 = AXIS2_PLACEMENT_3D ( 'NONE', #2033, #2445, #31 ) ;
#1956 = ORIENTED_EDGE ( 'NONE', *, *, #690, .T. ) ;
#1957 = ORIENTED_EDGE ( 'NONE', *, *, #477, .F. ) ;
#1958 = EDGE_CURVE ( 'NONE', #1420, #645, #1558, .T. ) ;
#1959 = VECTOR ( 'NONE', #2629, 1000.000000000000000 ) ;
#1960 = SURFACE_STYLE_FILL_AREA ( #16 ) ;
#1961 = ORIENTED_EDGE ( 'NONE', *, *, #167, .F. ) ;
#1962 = LINE ( 'NONE', #2793, #2480 ) ;
#1963 = VECTOR ( 'NONE', #1496, 1000.000000000000000 ) ;
#1964 = EDGE_LOOP ( 'NONE', ( #946, #2240, #661, #2381 ) ) ;
#1965 = DIRECTION ( 'NONE',  ( 0.000000000000000000, 0.000000000000000000, 1.000000000000000000 ) ) ;
#1966 = DIRECTION ( 'NONE',  ( 1.000000000000000000, 0.000000000000000000, -2.092571962738665649E-13 ) ) ;
#1967 = CARTESIAN_POINT ( 'NONE',  ( -5.500000000000000000, 0.000000000000000000, 8.199999999999985079 ) ) ;
#1968 = DIRECTION ( 'NONE',  ( -7.228014483236698330E-15, 0.000000000000000000, 1.000000000000000000 ) ) ;
#1969 = CARTESIAN_POINT ( 'NONE',  ( 5.926971876254110680E-14, 100.0000000000000000, 8.200000000000024158 ) ) ;
#1970 = CARTESIAN_POINT ( 'NONE',  ( -9.699999999999961986, 0.000000000000000000, -3.600000000000102229 ) ) ;
#1971 = ORIENTED_EDGE ( 'NONE', *, *, #642, .F. ) ;
#1972 = ORIENTED_EDGE ( 'NONE', *, *, #2110, .T. ) ;
#1973 = ORIENTED_EDGE ( 'NONE', *, *, #1996, .F. ) ;
#1974 = DIRECTION ( 'NONE',  ( -0.000000000000000000, -0.000000000000000000, 1.000000000000000000 ) ) ;
#1975 = VECTOR ( 'NONE', #1439, 1000.000000000000000 ) ;
#1976 = ORIENTED_EDGE ( 'NONE', *, *, #2120, .T. ) ;
#1977 = VECTOR ( 'NONE', #1093, 1000.000000000000000 ) ;
#1978 = DIRECTION ( 'NONE',  ( 3.736533144393563397E-15, 0.000000000000000000, 1.000000000000000000 ) ) ;
#1979 = EDGE_CURVE ( 'NONE', #309, #1607, #905, .T. ) ;
#1980 = CARTESIAN_POINT ( 'NONE',  ( -8.199999999999969091, 0.000000000000000000, -3.100000000000085798 ) ) ;
#1981 = EDGE_CURVE ( 'NONE', #535, #2005, #2691, .T. ) ;
#1982 = CARTESIAN_POINT ( 'NONE',  ( -5.899999999999980815, 0.000000000000000000, -2.010912703474334595 ) ) ;
#1983 = DIRECTION ( 'NONE',  ( -0.000000000000000000, 1.000000000000000000, 0.000000000000000000 ) ) ;
#1984 = PLANE ( 'NONE',  #1901 ) ;
#1985 = PLANE ( 'NONE',  #1920 ) ;
#1986 = ORIENTED_EDGE ( 'NONE', *, *, #1144, .F. ) ;
#1987 = VERTEX_POINT ( 'NONE', #2631 ) ;
#1988 = ORIENTED_EDGE ( 'NONE', *, *, #2768, .T. ) ;
#1989 = LINE ( 'NONE', #1167, #2618 ) ;
#1990 = CIRCLE ( 'NONE', #1353, 0.2000000000000005107 ) ;
#1991 = ORIENTED_EDGE ( 'NONE', *, *, #465, .T. ) ;
#1992 = CARTESIAN_POINT ( 'NONE',  ( 9.499999999999985789, 0.000000000000000000, 3.400000000000032330 ) ) ;
#1993 = DIRECTION ( 'NONE',  ( -1.000000000000000000, -0.000000000000000000, -0.000000000000000000 ) ) ;
#1994 = EDGE_CURVE ( 'NONE', #1183, #857, #2214, .T. ) ;
#1995 = DIRECTION ( 'NONE',  ( 0.000000000000000000, 1.000000000000000000, 0.000000000000000000 ) ) ;
#1996 = EDGE_CURVE ( 'NONE', #1269, #1301, #1771, .T. ) ;
#1997 = FACE_OUTER_BOUND ( 'NONE', #2721, .T. ) ;
#1998 = DIRECTION ( 'NONE',  ( 1.047444401652940007E-14, 0.000000000000000000, -1.000000000000000000 ) ) ;
#1999 = DIRECTION ( 'NONE',  ( 0.000000000000000000, 0.000000000000000000, -1.000000000000000000 ) ) ;
#2000 = ORIENTED_EDGE ( 'NONE', *, *, #2290, .T. ) ;
#2001 = VECTOR ( 'NONE', #1722, 1000.000000000000000 ) ;
#2002 = CIRCLE ( 'NONE', #1955, 2.100000000000000089 ) ;
#2003 = ADVANCED_FACE ( 'NONE', ( #41 ), #254, .F. ) ;
#2004 = DIRECTION ( 'NONE',  ( 0.7071067811864611974, 0.000000000000000000, -0.7071067811866339481 ) ) ;
#2005 = VERTEX_POINT ( 'NONE', #702 ) ;
#2006 = CARTESIAN_POINT ( 'NONE',  ( -3.600000000000000089, 0.000000000000000000, 10.00000000000000888 ) ) ;
#2007 = AXIS2_PLACEMENT_3D ( 'NONE', #95, #956, #1860 ) ;
#2008 = ORIENTED_EDGE ( 'NONE', *, *, #58, .T. ) ;
#2009 = CARTESIAN_POINT ( 'NONE',  ( 8.200000000000024158, 100.0000000000000000, -3.063957178402731862E-14 ) ) ;
#2010 = CARTESIAN_POINT ( 'NONE',  ( 5.500000000000000000, 0.000000000000000000, 6.560660171779064243 ) ) ;
#2011 = CARTESIAN_POINT ( 'NONE',  ( -3.425126265847332263, 0.000000000000000000, 4.485786437626947176 ) ) ;
#2012 = DIRECTION ( 'NONE',  ( -0.000000000000000000, 1.000000000000000000, -0.000000000000000000 ) ) ;
#2013 = DIRECTION ( 'NONE',  ( 0.000000000000000000, 0.000000000000000000, -1.000000000000000000 ) ) ;
#2014 = DIRECTION ( 'NONE',  ( -1.071949582207983169E-14, 0.000000000000000000, 1.000000000000000000 ) ) ;
#2015 = ORIENTED_EDGE ( 'NONE', *, *, #78, .F. ) ;
#2016 = EDGE_CURVE ( 'NONE', #316, #1893, #1331, .T. ) ;
#2017 = CARTESIAN_POINT ( 'NONE',  ( -8.500000000000001776, 0.000000000000000000, -8.500000000000003553 ) ) ;
#2018 = ORIENTED_EDGE ( 'NONE', *, *, #2080, .F. ) ;
#2019 = AXIS2_PLACEMENT_3D ( 'NONE', #1067, #1918, #1522 ) ;
#2020 = DIRECTION ( 'NONE',  ( -3.736533144393563397E-15, 0.000000000000000000, -1.000000000000000000 ) ) ;
#2021 = EDGE_LOOP ( 'NONE', ( #1046, #2302, #555, #2678 ) ) ;
#2022 = FACE_OUTER_BOUND ( 'NONE', #463, .T. ) ;
#2023 = DIRECTION ( 'NONE',  ( -2.092571962738665649E-13, 0.000000000000000000, -1.000000000000000000 ) ) ;
#2024 = PLANE ( 'NONE',  #28 ) ;
#2025 = LINE ( 'NONE', #2496, #146 ) ;
#2026 = CARTESIAN_POINT ( 'NONE',  ( 8.499999999999998224, 100.0000000000000000, 8.499999999999998224 ) ) ;
#2027 = AXIS2_PLACEMENT_3D ( 'NONE', #1637, #2728, #2085 ) ;
#2028 = DIRECTION ( 'NONE',  ( -1.000000000000000000, 0.000000000000000000, 2.162401589515528064E-13 ) ) ;
#2029 = EDGE_CURVE ( 'NONE', #2374, #2441, #2454, .T. ) ;
#2030 = ORIENTED_EDGE ( 'NONE', *, *, #805, .F. ) ;
#2031 = EDGE_CURVE ( 'NONE', #1034, #416, #1589, .T. ) ;
#2032 = EDGE_LOOP ( 'NONE', ( #97, #855, #925, #143 ) ) ;
#2033 = CARTESIAN_POINT ( 'NONE',  ( 0.000000000000000000, 100.0000000000000000, 0.000000000000000000 ) ) ;
#2034 = VERTEX_POINT ( 'NONE', #1119 ) ;
#2035 = DIRECTION ( 'NONE',  ( 0.000000000000000000, 0.000000000000000000, 1.000000000000000000 ) ) ;
#2036 = DIRECTION ( 'NONE',  ( 0.000000000000000000, 0.000000000000000000, 1.000000000000000000 ) ) ;
#2037 = DIRECTION ( 'NONE',  ( 1.000000000000000000, 0.000000000000000000, 2.302060843069253146E-13 ) ) ;
#2038 = EDGE_CURVE ( 'NONE', #895, #412, #933, .T. ) ;
#2039 = ORIENTED_EDGE ( 'NONE', *, *, #3, .F. ) ;
#2040 = CARTESIAN_POINT ( 'NONE',  ( 5.899999999999995026, 0.000000000000000000, 2.010912703474293295 ) ) ;
#2041 = DIRECTION ( 'NONE',  ( 0.000000000000000000, -1.000000000000000000, 0.000000000000000000 ) ) ;
#2042 = VERTEX_POINT ( 'NONE', #486 ) ;
#2043 = CIRCLE ( 'NONE', #2131, 1.499999999999999556 ) ;
#2044 = CARTESIAN_POINT ( 'NONE',  ( 8.199999999999965539, 100.0000000000000000, 5.500000000000028422 ) ) ;
#2045 = VERTEX_POINT ( 'NONE', #1357 ) ;
#2046 = VECTOR ( 'NONE', #876, 1000.000000000000000 ) ;
#2047 = DIRECTION ( 'NONE',  ( -0.000000000000000000, 1.000000000000000000, -0.000000000000000000 ) ) ;
#2048 = CARTESIAN_POINT ( 'NONE',  ( 3.600000000000000977, 0.000000000000000000, -9.700000000000001066 ) ) ;
#2049 = AXIS2_PLACEMENT_3D ( 'NONE', #537, #1409, #1218 ) ;
#2050 = ORIENTED_EDGE ( 'NONE', *, *, #1616, .T. ) ;
#2051 = LINE ( 'NONE', #529, #2403 ) ;
#2052 = ORIENTED_EDGE ( 'NONE', *, *, #781, .T. ) ;
#2053 = LINE ( 'NONE', #976, #1724 ) ;
#2054 = CARTESIAN_POINT ( 'NONE',  ( -8.500000000000001776, 100.0000000000000000, 9.999999999999998224 ) ) ;
#2055 = AXIS2_PLACEMENT_3D ( 'NONE', #2122, #1528, #440 ) ;
#2056 = EDGE_LOOP ( 'NONE', ( #1075, #2699, #2464, #906 ) ) ;
#2057 = DIRECTION ( 'NONE',  ( 0.000000000000000000, 0.000000000000000000, 1.000000000000000000 ) ) ;
#2058 = PLANE ( 'NONE',  #808 ) ;
#2059 = VERTEX_POINT ( 'NONE', #1133 ) ;
#2060 = VECTOR ( 'NONE', #2150, 1000.000000000000000 ) ;
#2061 = CARTESIAN_POINT ( 'NONE',  ( 9.999999999999996447, 0.000000000000000000, 3.600000000000035172 ) ) ;
#2062 = CARTESIAN_POINT ( 'NONE',  ( 3.425126265847332263, 0.000000000000000000, -4.485786437626947176 ) ) ;
#2063 = ADVANCED_FACE ( 'NONE', ( #889 ), #1985, .F. ) ;
#2064 = ORIENTED_EDGE ( 'NONE', *, *, #1696, .T. ) ;
#2065 = EDGE_CURVE ( 'NONE', #2116, #725, #1542, .T. ) ;
#2066 = LINE ( 'NONE', #98, #1217 ) ;
#2067 = LINE ( 'NONE', #112, #374 ) ;
#2068 = DIRECTION ( 'NONE',  ( -0.000000000000000000, 1.000000000000000000, -0.000000000000000000 ) ) ;
#2069 = LINE ( 'NONE', #2799, #879 ) ;
#2070 = EDGE_CURVE ( 'NONE', #1211, #1378, #1786, .T. ) ;
#2071 = ORIENTED_EDGE ( 'NONE', *, *, #2317, .F. ) ;
#2072 = DIRECTION ( 'NONE',  ( -1.000000000000000000, 0.000000000000000000, -0.000000000000000000 ) ) ;
#2073 = LINE ( 'NONE', #1232, #1802 ) ;
#2074 = PLANE ( 'NONE',  #1906 ) ;
#2075 = ORIENTED_EDGE ( 'NONE', *, *, #438, .T. ) ;
#2076 = CARTESIAN_POINT ( 'NONE',  ( 9.699999999999988631, 100.0000000000000000, 3.600000000000034284 ) ) ;
#2077 = ORIENTED_EDGE ( 'NONE', *, *, #1164, .F. ) ;
#2078 = ADVANCED_FACE ( 'NONE', ( #2243 ), #300, .F. ) ;
#2079 = DIRECTION ( 'NONE',  ( -1.000000000000000000, 0.000000000000000000, 0.000000000000000000 ) ) ;
#2080 = EDGE_CURVE ( 'NONE', #1687, #433, #727, .T. ) ;
#2081 = VERTEX_POINT ( 'NONE', #1758 ) ;
#2082 = LINE ( 'NONE', #2526, #2361 ) ;
#2083 = VERTEX_POINT ( 'NONE', #1203 ) ;
#2084 = VECTOR ( 'NONE', #2278, 1000.000000000000000 ) ;
#2085 = DIRECTION ( 'NONE',  ( 1.000000000000000000, 0.000000000000000000, 1.084202172485501594E-14 ) ) ;
#2086 = VECTOR ( 'NONE', #927, 1000.000000000000000 ) ;
#2087 = DIRECTION ( 'NONE',  ( 0.000000000000000000, 0.000000000000000000, 1.000000000000000000 ) ) ;
#2088 = PRODUCT_DEFINITION_FORMATION_WITH_SPECIFIED_SOURCE ( 'ANY', '', #105, .NOT_KNOWN. ) ;
#2089 = VERTEX_POINT ( 'NONE', #2054 ) ;
#2090 = CIRCLE ( 'NONE', #2230, 1.999999999999973133 ) ;
#2091 = DIRECTION ( 'NONE',  ( -0.7071067811866412756, 0.000000000000000000, 0.7071067811864537589 ) ) ;
#2092 = DIRECTION ( 'NONE',  ( 0.000000000000000000, 0.000000000000000000, -1.000000000000000000 ) ) ;
#2093 = DIRECTION ( 'NONE',  ( 0.000000000000000000, 0.000000000000000000, 1.000000000000000000 ) ) ;
#2094 = AXIS2_PLACEMENT_3D ( 'NONE', #1916, #1221, #2326 ) ;
#2095 = MECHANICAL_DESIGN_GEOMETRIC_PRESENTATION_REPRESENTATION (  '', ( #2234 ), #45 ) ;
#2096 = CIRCLE ( 'NONE', #2465, 1.999999999999973133 ) ;
#2097 = ORIENTED_EDGE ( 'NONE', *, *, #125, .F. ) ;
#2098 = EDGE_CURVE ( 'NONE', #2452, #2401, #578, .T. ) ;
#2099 = CARTESIAN_POINT ( 'NONE',  ( 0.000000000000000000, 0.000000000000000000, 0.000000000000000000 ) ) ;
#2100 = DIRECTION ( 'NONE',  ( -1.047444401652940007E-14, -0.000000000000000000, 1.000000000000000000 ) ) ;
#2101 = ORIENTED_EDGE ( 'NONE', *, *, #721, .F. ) ;
#2102 = CARTESIAN_POINT ( 'NONE',  ( -3.600000000000000089, 0.000000000000000000, -10.00000000000000888 ) ) ;
#2103 = FACE_OUTER_BOUND ( 'NONE', #2111, .T. ) ;
#2104 = VECTOR ( 'NONE', #1993, 1000.000000000000000 ) ;
#2105 = CARTESIAN_POINT ( 'NONE',  ( -10.00000000000000178, 100.0000000000000000, 9.999999999999998224 ) ) ;
#2106 = VECTOR ( 'NONE', #1247, 1000.000000000000000 ) ;
#2107 = EDGE_CURVE ( 'NONE', #1873, #810, #570, .T. ) ;
#2108 = AXIS2_PLACEMENT_3D ( 'NONE', #1289, #198, #2606 ) ;
#2109 = ORIENTED_EDGE ( 'NONE', *, *, #480, .F. ) ;
#2110 = EDGE_CURVE ( 'NONE', #2396, #2485, #2614, .T. ) ;
#2111 = EDGE_LOOP ( 'NONE', ( #2585, #1365, #458, #255 ) ) ;
#2112 = EDGE_CURVE ( 'NONE', #2045, #210, #1643, .T. ) ;
#2113 = LINE ( 'NONE', #1895, #1620 ) ;
#2114 = UNCERTAINTY_MEASURE_WITH_UNIT (LENGTH_MEASURE( 1.000000000000000082E-05 ), #53, 'distance_accuracy_value', 'NONE');
#2115 = FACE_OUTER_BOUND ( 'NONE', #2, .T. ) ;
#2116 = VERTEX_POINT ( 'NONE', #2281 ) ;
#2117 = CYLINDRICAL_SURFACE ( 'NONE', #495, 0.2000000000000013989 ) ;
#2118 = CARTESIAN_POINT ( 'NONE',  ( 8.199999999999965539, 0.000000000000000000, 5.500000000000028422 ) ) ;
#2119 = DIRECTION ( 'NONE',  ( -0.000000000000000000, 1.000000000000000000, -0.000000000000000000 ) ) ;
#2120 = EDGE_CURVE ( 'NONE', #1241, #2045, #469, .T. ) ;
#2121 = LINE ( 'NONE', #1919, #1137 ) ;
#2122 = CARTESIAN_POINT ( 'NONE',  ( 9.500000000000053291, 0.000000000000000000, 3.100000000000032951 ) ) ;
#2123 = VECTOR ( 'NONE', #1114, 1000.000000000000000 ) ;
#2124 = ORIENTED_EDGE ( 'NONE', *, *, #1412, .F. ) ;
#2125 = EDGE_LOOP ( 'NONE', ( #1022, #1698, #1774, #2774 ) ) ;
#2126 = LINE ( 'NONE', #1486, #1468 ) ;
#2127 = CARTESIAN_POINT ( 'NONE',  ( -3.399999999999999467, 0.000000000000000000, -9.700000000000001066 ) ) ;
#2128 = ORIENTED_EDGE ( 'NONE', *, *, #1655, .F. ) ;
#2129 = CARTESIAN_POINT ( 'NONE',  ( -10.00000000000000178, 100.0000000000000000, -10.00000000000000178 ) ) ;
#2130 = PLANE ( 'NONE',  #2819 ) ;
#2131 = AXIS2_PLACEMENT_3D ( 'NONE', #2645, #2135, #643 ) ;
#2132 = EDGE_LOOP ( 'NONE', ( #2757, #1533, #1765, #1886 ) ) ;
#2133 = FACE_OUTER_BOUND ( 'NONE', #2056, .T. ) ;
#2134 = FACE_OUTER_BOUND ( 'NONE', #1642, .T. ) ;
#2135 = DIRECTION ( 'NONE',  ( 0.000000000000000000, -1.000000000000000000, 0.000000000000000000 ) ) ;
#2136 = CARTESIAN_POINT ( 'NONE',  ( -9.699999999999963762, 0.000000000000000000, -3.400000000000100719 ) ) ;
#2137 = VECTOR ( 'NONE', #142, 1000.000000000000000 ) ;
#2138 = VERTEX_POINT ( 'NONE', #2722 ) ;
#2139 = ORIENTED_EDGE ( 'NONE', *, *, #1450, .F. ) ;
#2140 = VECTOR ( 'NONE', #2685, 1000.000000000000000 ) ;
#2141 = ORIENTED_EDGE ( 'NONE', *, *, #1053, .T. ) ;
#2142 = DIRECTION ( 'NONE',  ( 1.000000000000000000, 0.000000000000000000, 0.000000000000000000 ) ) ;
#2143 = CARTESIAN_POINT ( 'NONE',  ( -3.900000000000023004, 0.000000000000000000, 2.010912703474232011 ) ) ;
#2144 = ADVANCED_FACE ( 'NONE', ( #1840 ), #1880, .F. ) ;
#2145 = ORIENTED_EDGE ( 'NONE', *, *, #122, .F. ) ;
#2146 = EDGE_CURVE ( 'NONE', #1602, #274, #2745, .T. ) ;
#2147 = DIRECTION ( 'NONE',  ( -1.000000000000000000, 0.000000000000000000, -7.228014483236698330E-15 ) ) ;
#2148 = CARTESIAN_POINT ( 'NONE',  ( -5.900000000000022560, 0.000000000000000000, 2.010912703474211138 ) ) ;
#2149 = ORIENTED_EDGE ( 'NONE', *, *, #2275, .T. ) ;
#2150 = DIRECTION ( 'NONE',  ( -0.000000000000000000, -0.000000000000000000, 1.000000000000000000 ) ) ;
#2151 = ADVANCED_FACE ( 'NONE', ( #351 ), #1657, .F. ) ;
#2152 = LINE ( 'NONE', #1720, #2525 ) ;
#2153 = VECTOR ( 'NONE', #1174, 1000.000000000000000 ) ;
#2154 = DIRECTION ( 'NONE',  ( 0.000000000000000000, 0.000000000000000000, -1.000000000000000000 ) ) ;
#2155 = FACE_OUTER_BOUND ( 'NONE', #1817, .T. ) ;
#2156 = ORIENTED_EDGE ( 'NONE', *, *, #2677, .F. ) ;
#2157 = EDGE_CURVE ( 'NONE', #508, #2473, #341, .T. ) ;
#2158 = ORIENTED_EDGE ( 'NONE', *, *, #1809, .F. ) ;
#2159 = ORIENTED_EDGE ( 'NONE', *, *, #2394, .F. ) ;
#2160 = DIRECTION ( 'NONE',  ( 1.000000000000000000, 0.000000000000000000, 3.491481338843133355E-15 ) ) ;
#2161 = VECTOR ( 'NONE', #116, 1000.000000000000000 ) ;
#2162 = LINE ( 'NONE', #166, #546 ) ;
#2163 = ORIENTED_EDGE ( 'NONE', *, *, #625, .T. ) ;
#2164 = FACE_OUTER_BOUND ( 'NONE', #441, .T. ) ;
#2165 = ORIENTED_EDGE ( 'NONE', *, *, #1073, .F. ) ;
#2166 = DIRECTION ( 'NONE',  ( -0.000000000000000000, 0.000000000000000000, 1.000000000000000000 ) ) ;
#2167 = CARTESIAN_POINT ( 'NONE',  ( -3.900000000000023004, 0.000000000000000000, 2.010912703474232011 ) ) ;
#2168 = DIRECTION ( 'NONE',  ( 0.000000000000000000, 0.000000000000000000, -1.000000000000000000 ) ) ;
#2169 = CARTESIAN_POINT ( 'NONE',  ( -0.5303300858902616488, 100.0000000000000000, 0.5303300858904023141 ) ) ;
#2170 = CARTESIAN_POINT ( 'NONE',  ( 8.200000000000013500, 0.000000000000000000, -3.099999999999971223 ) ) ;
#2171 = ADVANCED_FACE ( 'NONE', ( #542 ), #2513, .F. ) ;
#2172 = ORIENTED_EDGE ( 'NONE', *, *, #2587, .F. ) ;
#2173 = ORIENTED_EDGE ( 'NONE', *, *, #2537, .F. ) ;
#2174 = ORIENTED_EDGE ( 'NONE', *, *, #461, .F. ) ;
#2175 = LINE ( 'NONE', #165, #524 ) ;
#2176 = ORIENTED_EDGE ( 'NONE', *, *, #311, .T. ) ;
#2177 = AXIS2_PLACEMENT_3D ( 'NONE', #2510, #576, #2292 ) ;
#2178 = CYLINDRICAL_SURFACE ( 'NONE', #2188, 0.2000000000000022593 ) ;
#2179 = LINE ( 'NONE', #249, #1550 ) ;
#2180 = VECTOR ( 'NONE', #1796, 1000.000000000000000 ) ;
#2181 = DIRECTION ( 'NONE',  ( -0.000000000000000000, 1.000000000000000000, -0.000000000000000000 ) ) ;
#2182 = PLANE ( 'NONE',  #2344 ) ;
#2183 = DIRECTION ( 'NONE',  ( -0.000000000000000000, 1.000000000000000000, 0.000000000000000000 ) ) ;
#2184 = CARTESIAN_POINT ( 'NONE',  ( -6.560660171779007399, 0.000000000000000000, -5.500000000000068390 ) ) ;
#2185 = VECTOR ( 'NONE', #2663, 1000.000000000000000 ) ;
#2186 = ORIENTED_EDGE ( 'NONE', *, *, #1933, .T. ) ;
#2187 = VERTEX_POINT ( 'NONE', #1398 ) ;
#2188 = AXIS2_PLACEMENT_3D ( 'NONE', #1096, #2812, #1521 ) ;
#2189 = CARTESIAN_POINT ( 'NONE',  ( 5.900000000000008349, 0.000000000000000000, -2.010912703474252439 ) ) ;
#2190 = ORIENTED_EDGE ( 'NONE', *, *, #209, .F. ) ;
#2191 = CARTESIAN_POINT ( 'NONE',  ( -3.600000000000000977, 0.000000000000000000, 9.700000000000001066 ) ) ;
#2192 = CIRCLE ( 'NONE', #588, 2.100000000000000089 ) ;
#2193 = EDGE_CURVE ( 'NONE', #761, #2796, #2267, .T. ) ;
#2194 = ORIENTED_EDGE ( 'NONE', *, *, #1279, .T. ) ;
#2195 = CARTESIAN_POINT ( 'NONE',  ( -8.500000000000001776, 0.000000000000000000, 9.999999999999998224 ) ) ;
#2196 = CARTESIAN_POINT ( 'NONE',  ( -9.500000000000097700, 0.000000000000000000, 3.099999999999900613 ) ) ;
#2197 = DIRECTION ( 'NONE',  ( 3.491481338843133355E-15, 0.000000000000000000, -1.000000000000000000 ) ) ;
#2198 = DIRECTION ( 'NONE',  ( 0.000000000000000000, 0.000000000000000000, 1.000000000000000000 ) ) ;
#2199 = LINE ( 'NONE', #237, #2358 ) ;
#2200 = DIRECTION ( 'NONE',  ( 0.7071067811864562014, 0.000000000000000000, -0.7071067811866388331 ) ) ;
#2201 = ORIENTED_EDGE ( 'NONE', *, *, #1830, .F. ) ;
#2202 = VERTEX_POINT ( 'NONE', #1238 ) ;
#2203 = ORIENTED_EDGE ( 'NONE', *, *, #2714, .F. ) ;
#2204 = ADVANCED_FACE ( 'NONE', ( #83 ), #978, .F. ) ;
#2205 = FACE_OUTER_BOUND ( 'NONE', #430, .T. ) ;
#2206 = CIRCLE ( 'NONE', #2689, 0.2000000000000013989 ) ;
#2207 = ADVANCED_FACE ( 'NONE', ( #989 ), #742, .F. ) ;
#2208 = ORIENTED_EDGE ( 'NONE', *, *, #1226, .F. ) ;
#2209 = FACE_OUTER_BOUND ( 'NONE', #2319, .T. ) ;
#2210 = DIRECTION ( 'NONE',  ( -1.000000000000000000, 0.000000000000000000, -1.047444401652940007E-14 ) ) ;
#2211 = DIRECTION ( 'NONE',  ( 1.000000000000000000, 0.000000000000000000, 1.040834085586098298E-14 ) ) ;
#2212 = CARTESIAN_POINT ( 'NONE',  ( 5.900000000000008349, 100.0000000000000000, -2.010912703474252439 ) ) ;
#2213 = DIRECTION ( 'NONE',  ( -1.000000000000000000, 0.000000000000000000, 2.197316402903959271E-13 ) ) ;
#2214 = LINE ( 'NONE', #713, #225 ) ;
#2215 = EDGE_CURVE ( 'NONE', #2583, #1269, #1003, .T. ) ;
#2216 = EDGE_LOOP ( 'NONE', ( #1929, #1465, #2293, #1305 ) ) ;
#2217 = ORIENTED_EDGE ( 'NONE', *, *, #580, .F. ) ;
#2218 = CARTESIAN_POINT ( 'NONE',  ( -2.010912703474272867, 0.000000000000000000, 5.900000000000001243 ) ) ;
#2219 = AXIS2_PLACEMENT_3D ( 'NONE', #700, #484, #1131 ) ;
#2220 = ORIENTED_EDGE ( 'NONE', *, *, #758, .T. ) ;
#2221 = CARTESIAN_POINT ( 'NONE',  ( 9.999999999999998224, 0.000000000000000000, 9.999999999999998224 ) ) ;
#2222 = LINE ( 'NONE', #2437, #1671 ) ;
#2223 = DIRECTION ( 'NONE',  ( -0.000000000000000000, -0.000000000000000000, -1.000000000000000000 ) ) ;
#2224 = CARTESIAN_POINT ( 'NONE',  ( -3.100000000000000089, 100.0000000000000000, 0.000000000000000000 ) ) ;
#2225 = CARTESIAN_POINT ( 'NONE',  ( -10.00000000000000178, 100.0000000000000000, -10.00000000000000178 ) ) ;
#2226 = VECTOR ( 'NONE', #2147, 1000.000000000000000 ) ;
#2227 = ORIENTED_EDGE ( 'NONE', *, *, #2241, .F. ) ;
#2228 = AXIS2_PLACEMENT_3D ( 'NONE', #1557, #2426, #1952 ) ;
#2229 = AXIS2_PLACEMENT_3D ( 'NONE', #2488, #2057, #2515 ) ;
#2230 = AXIS2_PLACEMENT_3D ( 'NONE', #894, #2399, #64 ) ;
#2231 = LINE ( 'NONE', #2620, #2046 ) ;
#2232 = ORIENTED_EDGE ( 'NONE', *, *, #809, .F. ) ;
#2233 = LINE ( 'NONE', #2191, #501 ) ;
#2234 = STYLED_ITEM ( 'NONE', ( #943 ), #2400 ) ;
#2235 = ORIENTED_EDGE ( 'NONE', *, *, #1432, .F. ) ;
#2236 = VECTOR ( 'NONE', #1978, 1000.000000000000000 ) ;
#2237 = DIRECTION ( 'NONE',  ( -0.000000000000000000, 1.000000000000000000, -0.000000000000000000 ) ) ;
#2238 = ADVANCED_FACE ( 'NONE', ( #1865 ), #101, .F. ) ;
#2239 = DIRECTION ( 'NONE',  ( -0.000000000000000000, 1.000000000000000000, 0.000000000000000000 ) ) ;
#2240 = ORIENTED_EDGE ( 'NONE', *, *, #1369, .F. ) ;
#2241 = EDGE_CURVE ( 'NONE', #404, #427, #2069, .T. ) ;
#2242 = LINE ( 'NONE', #1173, #1040 ) ;
#2243 = FACE_OUTER_BOUND ( 'NONE', #890, .T. ) ;
#2244 = EDGE_LOOP ( 'NONE', ( #910, #770, #968, #288 ) ) ;
#2245 = ORIENTED_EDGE ( 'NONE', *, *, #580, .T. ) ;
#2246 = CIRCLE ( 'NONE', #1383, 0.2000000000000022593 ) ;
#2247 = LINE ( 'NONE', #243, #1366 ) ;
#2248 = ADVANCED_FACE ( 'NONE', ( #2133 ), #639, .F. ) ;
#2249 = VERTEX_POINT ( 'NONE', #2340 ) ;
#2250 = DIRECTION ( 'NONE',  ( -0.000000000000000000, 0.000000000000000000, 1.000000000000000000 ) ) ;
#2251 = CYLINDRICAL_SURFACE ( 'NONE', #317, 0.2000000000000013989 ) ;
#2252 = VECTOR ( 'NONE', #2523, 1000.000000000000000 ) ;
#2253 = VECTOR ( 'NONE', #2142, 1000.000000000000000 ) ;
#2254 = DIRECTION ( 'NONE',  ( 0.000000000000000000, 0.000000000000000000, 1.000000000000000000 ) ) ;
#2255 = ORIENTED_EDGE ( 'NONE', *, *, #2786, .F. ) ;
#2256 = DIRECTION ( 'NONE',  ( 0.000000000000000000, 1.000000000000000000, 0.000000000000000000 ) ) ;
#2257 = CARTESIAN_POINT ( 'NONE',  ( 0.5303300858904006487, 100.0000000000000000, 0.5303300858902636472 ) ) ;
#2258 = EDGE_LOOP ( 'NONE', ( #1396, #1608, #1507, #2791 ) ) ;
#2259 = CARTESIAN_POINT ( 'NONE',  ( -5.500000000000000000, 100.0000000000000000, -6.560660171779064243 ) ) ;
#2260 = EDGE_LOOP ( 'NONE', ( #2173, #1760, #1939, #2263 ) ) ;
#2261 = CARTESIAN_POINT ( 'NONE',  ( 3.100000000000000089, 0.000000000000000000, -9.500000000000063949 ) ) ;
#2262 = DIRECTION ( 'NONE',  ( -0.7071067811864562014, 0.000000000000000000, 0.7071067811866388331 ) ) ;
#2263 = ORIENTED_EDGE ( 'NONE', *, *, #2070, .F. ) ;
#2264 = CARTESIAN_POINT ( 'NONE',  ( 3.900000000000008349, 0.000000000000000000, -2.010912703474259544 ) ) ;
#2265 = ORIENTED_EDGE ( 'NONE', *, *, #1869, .F. ) ;
#2266 = DIRECTION ( 'NONE',  ( -3.491481338843133355E-15, 0.000000000000000000, 1.000000000000000000 ) ) ;
#2267 = LINE ( 'NONE', #1415, #2517 ) ;
#2268 = ORIENTED_EDGE ( 'NONE', *, *, #1325, .F. ) ;
#2269 = VECTOR ( 'NONE', #2154, 1000.000000000000000 ) ;
#2270 = LINE ( 'NONE', #734, #1597 ) ;
#2271 = EDGE_CURVE ( 'NONE', #2792, #575, #1280, .T. ) ;
#2272 = EDGE_CURVE ( 'NONE', #1001, #195, #1739, .T. ) ;
#2273 = EDGE_LOOP ( 'NONE', ( #596, #1957, #329, #29 ) ) ;
#2274 = DIRECTION ( 'NONE',  ( 0.7071067811866339481, 0.000000000000000000, 0.7071067811864611974 ) ) ;
#2275 = EDGE_CURVE ( 'NONE', #1716, #1729, #836, .T. ) ;
#2276 = DIRECTION ( 'NONE',  ( 0.000000000000000000, 0.000000000000000000, -1.000000000000000000 ) ) ;
#2277 = EDGE_LOOP ( 'NONE', ( #378, #1545, #2387, #1712 ) ) ;
#2278 = DIRECTION ( 'NONE',  ( -0.000000000000000000, 1.000000000000000000, -0.000000000000000000 ) ) ;
#2279 = CARTESIAN_POINT ( 'NONE',  ( 3.100000000000000089, 100.0000000000000000, -8.200000000000002842 ) ) ;
#2280 = DIRECTION ( 'NONE',  ( 0.000000000000000000, 1.000000000000000000, -0.000000000000000000 ) ) ;
#2281 = CARTESIAN_POINT ( 'NONE',  ( -6.560660171779007399, 100.0000000000000000, -5.500000000000068390 ) ) ;
#2282 = VECTOR ( 'NONE', #425, 1000.000000000000000 ) ;
#2283 = ORIENTED_EDGE ( 'NONE', *, *, #2634, .T. ) ;
#2284 = DIRECTION ( 'NONE',  ( -1.000000000000000000, 0.000000000000000000, -7.228014483236696753E-15 ) ) ;
#2285 = ORIENTED_EDGE ( 'NONE', *, *, #2297, .F. ) ;
#2286 = EDGE_CURVE ( 'NONE', #1372, #342, #1890, .T. ) ;
#2287 = VECTOR ( 'NONE', #1051, 1000.000000000000000 ) ;
#2288 = FACE_BOUND ( 'NONE', #1867, .T. ) ;
#2289 = DIRECTION ( 'NONE',  ( -0.000000000000000000, 1.000000000000000000, 0.000000000000000000 ) ) ;
#2290 = EDGE_CURVE ( 'NONE', #2441, #2473, #1719, .T. ) ;
#2291 = VERTEX_POINT ( 'NONE', #1676 ) ;
#2292 = DIRECTION ( 'NONE',  ( 0.000000000000000000, 0.000000000000000000, 1.000000000000000000 ) ) ;
#2293 = ORIENTED_EDGE ( 'NONE', *, *, #2708, .T. ) ;
#2294 = DIRECTION ( 'NONE',  ( -0.000000000000000000, -1.000000000000000000, 0.000000000000000000 ) ) ;
#2295 = AXIS2_PLACEMENT_3D ( 'NONE', #1407, #2274, #1272 ) ;
#2296 = EDGE_LOOP ( 'NONE', ( #1135, #2822, #1764, #1876 ) ) ;
#2297 = EDGE_CURVE ( 'NONE', #154, #1941, #1656, .T. ) ;
#2298 = LINE ( 'NONE', #534, #2456 ) ;
#2299 = VERTEX_POINT ( 'NONE', #1691 ) ;
#2300 = CARTESIAN_POINT ( 'NONE',  ( 9.500000000000053291, 0.000000000000000000, 3.100000000000032951 ) ) ;
#2301 = CARTESIAN_POINT ( 'NONE',  ( 3.899999999999994582, 0.000000000000000000, 2.010912703474286189 ) ) ;
#2302 = ORIENTED_EDGE ( 'NONE', *, *, #2626, .F. ) ;
#2303 = CARTESIAN_POINT ( 'NONE',  ( 9.999999999999998224, 100.0000000000000000, 8.499999999999998224 ) ) ;
#2304 = DIRECTION ( 'NONE',  ( -1.000000000000000000, 0.000000000000000000, -1.770245849976609840E-14 ) ) ;
#2305 = CARTESIAN_POINT ( 'NONE',  ( -3.100000000000000089, 0.000000000000000000, -8.200000000000002842 ) ) ;
#2306 = ADVANCED_FACE ( 'NONE', ( #653 ), #389, .F. ) ;
#2307 = VECTOR ( 'NONE', #1877, 1000.000000000000000 ) ;
#2308 = ORIENTED_EDGE ( 'NONE', *, *, #1996, .T. ) ;
#2309 = CARTESIAN_POINT ( 'NONE',  ( 4.485786437626916090, 0.000000000000000000, 3.425126265847367346 ) ) ;
#2310 = DIRECTION ( 'NONE',  ( 1.047444401652940007E-14, 0.000000000000000000, -1.000000000000000000 ) ) ;
#2311 = ORIENTED_EDGE ( 'NONE', *, *, #2714, .T. ) ;
#2312 = FACE_OUTER_BOUND ( 'NONE', #2296, .T. ) ;
#2313 = PLANE ( 'NONE',  #2479 ) ;
#2314 = EDGE_CURVE ( 'NONE', #1285, #1474, #2756, .T. ) ;
#2315 = DIRECTION ( 'NONE',  ( -1.000000000000000000, 0.000000000000000000, -0.000000000000000000 ) ) ;
#2316 = AXIS2_PLACEMENT_3D ( 'NONE', #2609, #651, #2168 ) ;
#2317 = EDGE_CURVE ( 'NONE', #1836, #2591, #2610, .T. ) ;
#2318 = AXIS2_PLACEMENT_3D ( 'NONE', #500, #1387, #671 ) ;
#2319 = EDGE_LOOP ( 'NONE', ( #280, #326, #832, #1198 ) ) ;
#2320 = VERTEX_POINT ( 'NONE', #1082 ) ;
#2321 = DIRECTION ( 'NONE',  ( 0.000000000000000000, 0.000000000000000000, -1.000000000000000000 ) ) ;
#2322 = ADVANCED_FACE ( 'NONE', ( #2389 ), #420, .F. ) ;
#2323 = LINE ( 'NONE', #370, #1229 ) ;
#2324 = VERTEX_POINT ( 'NONE', #375 ) ;
#2325 = PLANE ( 'NONE',  #2354 ) ;
#2326 = DIRECTION ( 'NONE',  ( 0.000000000000000000, 0.000000000000000000, 1.000000000000000000 ) ) ;
#2327 = DIRECTION ( 'NONE',  ( 1.000000000000000000, 0.000000000000000000, 1.047444401652940007E-14 ) ) ;
#2328 = CARTESIAN_POINT ( 'NONE',  ( -4.485786437626911649, 0.000000000000000000, -3.425126265847378892 ) ) ;
#2329 = VECTOR ( 'NONE', #2092, 1000.000000000000000 ) ;
#2330 = AXIS2_PLACEMENT_3D ( 'NONE', #431, #2384, #2160 ) ;
#2331 = EDGE_CURVE ( 'NONE', #810, #1627, #2596, .T. ) ;
#2332 = ORIENTED_EDGE ( 'NONE', *, *, #1254, .T. ) ;
#2333 = ORIENTED_EDGE ( 'NONE', *, *, #1677, .F. ) ;
#2334 = DIRECTION ( 'NONE',  ( 0.000000000000000000, 0.000000000000000000, -1.000000000000000000 ) ) ;
#2335 = LINE ( 'NONE', #1672, #405 ) ;
#2336 = ORIENTED_EDGE ( 'NONE', *, *, #1347, .F. ) ;
#2337 = FACE_OUTER_BOUND ( 'NONE', #1064, .T. ) ;
#2338 = CARTESIAN_POINT ( 'NONE',  ( -2.010912703474272867, 0.000000000000000000, -5.900000000000001243 ) ) ;
#2339 = ORIENTED_EDGE ( 'NONE', *, *, #792, .F. ) ;
#2340 = CARTESIAN_POINT ( 'NONE',  ( -3.425126265847246554, 100.0000000000000000, 4.485786437626843259 ) ) ;
#2341 = LINE ( 'NONE', #1740, #937 ) ;
#2342 = DIRECTION ( 'NONE',  ( 3.246429533292703313E-15, 0.000000000000000000, -1.000000000000000000 ) ) ;
#2343 = DIRECTION ( 'NONE',  ( -0.000000000000000000, 1.000000000000000000, -0.000000000000000000 ) ) ;
#2344 = AXIS2_PLACEMENT_3D ( 'NONE', #221, #1968, #1101 ) ;
#2345 = EDGE_LOOP ( 'NONE', ( #2139, #2766, #498, #614 ) ) ;
#2346 = ADVANCED_FACE ( 'NONE', ( #592 ), #2784, .F. ) ;
#2347 = ORIENTED_EDGE ( 'NONE', *, *, #1854, .T. ) ;
#2348 = VERTEX_POINT ( 'NONE', #1037 ) ;
#2349 = ADVANCED_FACE ( 'NONE', ( #1903 ), #2767, .F. ) ;
#2350 = CARTESIAN_POINT ( 'NONE',  ( 0.000000000000000000, 100.0000000000000000, -2.100000000000000089 ) ) ;
#2351 = EDGE_CURVE ( 'NONE', #895, #2320, #2360, .T. ) ;
#2352 = CARTESIAN_POINT ( 'NONE',  ( 3.100000000000000089, 0.000000000000000000, 8.200000000000002842 ) ) ;
#2353 = ORIENTED_EDGE ( 'NONE', *, *, #58, .F. ) ;
#2354 = AXIS2_PLACEMENT_3D ( 'NONE', #155, #1915, #169 ) ;
#2355 = CARTESIAN_POINT ( 'NONE',  ( -6.560660171779007399, 0.000000000000000000, -5.500000000000068390 ) ) ;
#2356 = EDGE_CURVE ( 'NONE', #2059, #202, #2246, .T. ) ;
#2357 = DIRECTION ( 'NONE',  ( 0.000000000000000000, 0.000000000000000000, 1.000000000000000000 ) ) ;
#2358 = VECTOR ( 'NONE', #621, 1000.000000000000000 ) ;
#2359 = ORIENTED_EDGE ( 'NONE', *, *, #2584, .F. ) ;
#2360 = LINE ( 'NONE', #406, #2060 ) ;
#2361 = VECTOR ( 'NONE', #1405, 1000.000000000000000 ) ;
#2362 = DIRECTION ( 'NONE',  ( 1.000000000000000000, 0.000000000000000000, -7.228014483236698330E-15 ) ) ;
#2363 = DIRECTION ( 'NONE',  ( -0.000000000000000000, 1.000000000000000000, -0.000000000000000000 ) ) ;
#2364 = LINE ( 'NONE', #622, #93 ) ;
#2365 = PRESENTATION_LAYER_ASSIGNMENT (  '', '', ( #2234 ) ) ;
#2366 = ORIENTED_EDGE ( 'NONE', *, *, #2747, .T. ) ;
#2367 = EDGE_LOOP ( 'NONE', ( #1925, #102, #1106, #2804 ) ) ;
#2368 = ORIENTED_EDGE ( 'NONE', *, *, #1350, .F. ) ;
#2369 = CARTESIAN_POINT ( 'NONE',  ( -2.010912703474272867, 100.0000000000000000, -3.900000000000001688 ) ) ;
#2370 = DIRECTION ( 'NONE',  ( -0.000000000000000000, -0.000000000000000000, 1.000000000000000000 ) ) ;
#2371 = EDGE_CURVE ( 'NONE', #481, #1804, #2669, .T. ) ;
#2372 = ORIENTED_EDGE ( 'NONE', *, *, #1797, .F. ) ;
#2373 = CARTESIAN_POINT ( 'NONE',  ( -3.600000000000000533, 100.0000000000000000, 9.700000000000001066 ) ) ;
#2374 = VERTEX_POINT ( 'NONE', #263 ) ;
#2375 = EDGE_CURVE ( 'NONE', #474, #2608, #1746, .T. ) ;
#2376 = DIRECTION ( 'NONE',  ( 0.000000000000000000, 0.000000000000000000, 1.000000000000000000 ) ) ;
#2377 = LINE ( 'NONE', #2770, #1574 ) ;
#2378 = VECTOR ( 'NONE', #2166, 1000.000000000000000 ) ;
#2379 = CARTESIAN_POINT ( 'NONE',  ( -8.500000000000001776, 100.0000000000000000, 8.499999999999998224 ) ) ;
#2380 = DIRECTION ( 'NONE',  ( 0.000000000000000000, 0.000000000000000000, 1.000000000000000000 ) ) ;
#2381 = ORIENTED_EDGE ( 'NONE', *, *, #2487, .F. ) ;
#2382 = ORIENTED_EDGE ( 'NONE', *, *, #1531, .F. ) ;
#2383 = VERTEX_POINT ( 'NONE', #898 ) ;
#2384 = DIRECTION ( 'NONE',  ( -3.491481338843133355E-15, 0.000000000000000000, 1.000000000000000000 ) ) ;
#2385 = VECTOR ( 'NONE', #94, 1000.000000000000000 ) ;
#2386 = DIRECTION ( 'NONE',  ( -0.000000000000000000, 1.000000000000000000, 0.000000000000000000 ) ) ;
#2387 = ORIENTED_EDGE ( 'NONE', *, *, #731, .T. ) ;
#2388 = DIRECTION ( 'NONE',  ( -0.000000000000000000, 0.000000000000000000, 1.000000000000000000 ) ) ;
#2389 = FACE_OUTER_BOUND ( 'NONE', #2367, .T. ) ;
#2390 = CARTESIAN_POINT ( 'NONE',  ( -8.199999999999928235, 0.000000000000000000, -5.500000000000085265 ) ) ;
#2391 = FACE_OUTER_BOUND ( 'NONE', #583, .T. ) ;
#2392 = CARTESIAN_POINT ( 'NONE',  ( 4.485786437626863687, 100.0000000000000000, -3.425126265847221685 ) ) ;
#2393 = CARTESIAN_POINT ( 'NONE',  ( 0.000000000000000000, 0.000000000000000000, 0.000000000000000000 ) ) ;
#2394 = EDGE_CURVE ( 'NONE', #2570, #923, #915, .T. ) ;
#2395 = ORIENTED_EDGE ( 'NONE', *, *, #690, .F. ) ;
#2396 = VERTEX_POINT ( 'NONE', #2423 ) ;
#2397 = LINE ( 'NONE', #922, #629 ) ;
#2398 = ORIENTED_EDGE ( 'NONE', *, *, #2029, .T. ) ;
#2399 = DIRECTION ( 'NONE',  ( -0.000000000000000000, 1.000000000000000000, 0.000000000000000000 ) ) ;
#2400 = MANIFOLD_SOLID_BREP ( 'Fillet1', #521 ) ;
#2401 = VERTEX_POINT ( 'NONE', #1340 ) ;
#2402 = ORIENTED_EDGE ( 'NONE', *, *, #2624, .F. ) ;
#2403 = VECTOR ( 'NONE', #1438, 1000.000000000000000 ) ;
#2404 = CARTESIAN_POINT ( 'NONE',  ( -2.010912703474272867, 0.000000000000000000, 3.900000000000001688 ) ) ;
#2405 = CARTESIAN_POINT ( 'NONE',  ( -10.00000000000000178, 0.000000000000000000, -10.00000000000000178 ) ) ;
#2406 = AXIS2_PLACEMENT_3D ( 'NONE', #2379, #2787, #839 ) ;
#2407 = DIRECTION ( 'NONE',  ( -1.000000000000000000, 0.000000000000000000, -4.336808689942006692E-15 ) ) ;
#2408 = CARTESIAN_POINT ( 'NONE',  ( -5.500000000000000000, 0.000000000000000000, -6.560660171779064243 ) ) ;
#2409 = EDGE_CURVE ( 'NONE', #508, #2374, #1538, .T. ) ;
#2410 = CARTESIAN_POINT ( 'NONE',  ( -9.999999999999971578, 0.000000000000000000, -3.600000000000104894 ) ) ;
#2411 = DIRECTION ( 'NONE',  ( -0.000000000000000000, -1.000000000000000000, -0.000000000000000000 ) ) ;
#2412 = VECTOR ( 'NONE', #2386, 1000.000000000000000 ) ;
#2413 = ADVANCED_FACE ( 'NONE', ( #928 ), #451, .F. ) ;
#2414 = ORIENTED_EDGE ( 'NONE', *, *, #304, .T. ) ;
#2415 = ADVANCED_FACE ( 'NONE', ( #1326 ), #1352, .F. ) ;
#2416 = EDGE_LOOP ( 'NONE', ( #663, #85, #51, #2245 ) ) ;
#2417 = ORIENTED_EDGE ( 'NONE', *, *, #1205, .F. ) ;
#2418 = LINE ( 'NONE', #18, #1726 ) ;
#2419 = VECTOR ( 'NONE', #2343, 1000.000000000000000 ) ;
#2420 = VERTEX_POINT ( 'NONE', #282 ) ;
#2421 = PLANE ( 'NONE',  #1099 ) ;
#2422 = ADVANCED_FACE ( 'NONE', ( #1585 ), #1368, .F. ) ;
#2423 = CARTESIAN_POINT ( 'NONE',  ( 3.399999999999999467, 0.000000000000000000, -9.499999999999998224 ) ) ;
#2424 = CARTESIAN_POINT ( 'NONE',  ( 6.560660171779083782, 0.000000000000000000, -5.499999999999976907 ) ) ;
#2425 = CARTESIAN_POINT ( 'NONE',  ( 8.500000000000000000, 0.000000000000000000, -10.00000000000000178 ) ) ;
#2426 = DIRECTION ( 'NONE',  ( -0.000000000000000000, 1.000000000000000000, 0.000000000000000000 ) ) ;
#2427 = CARTESIAN_POINT ( 'NONE',  ( -0.5303300858904080872, 100.0000000000000000, 0.5303300858902562087 ) ) ;
#2428 = AXIS2_PLACEMENT_3D ( 'NONE', #1803, #2028, #72 ) ;
#2429 = ORIENTED_EDGE ( 'NONE', *, *, #1679, .T. ) ;
#2430 = FACE_OUTER_BOUND ( 'NONE', #2277, .T. ) ;
#2431 = ORIENTED_EDGE ( 'NONE', *, *, #1205, .T. ) ;
#2432 = CARTESIAN_POINT ( 'NONE',  ( -2.010912703474272867, 100.0000000000000000, 3.900000000000001688 ) ) ;
#2433 = ORIENTED_EDGE ( 'NONE', *, *, #809, .T. ) ;
#2434 = ORIENTED_EDGE ( 'NONE', *, *, #2409, .F. ) ;
#2435 = CARTESIAN_POINT ( 'NONE',  ( -2.010912703474272867, 0.000000000000000000, -3.900000000000001688 ) ) ;
#2436 =( NAMED_UNIT ( * ) SI_UNIT ( $, .STERADIAN. ) SOLID_ANGLE_UNIT ( ) );
#2437 = CARTESIAN_POINT ( 'NONE',  ( -3.100000000000000089, 0.000000000000000000, -9.500000000000063949 ) ) ;
#2438 = LINE ( 'NONE', #669, #866 ) ;
#2439 = DIRECTION ( 'NONE',  ( 0.000000000000000000, 0.000000000000000000, 1.000000000000000000 ) ) ;
#2440 = DIRECTION ( 'NONE',  ( 2.197316402903959271E-13, 0.000000000000000000, 1.000000000000000000 ) ) ;
#2441 = VERTEX_POINT ( 'NONE', #2641 ) ;
#2442 = EDGE_CURVE ( 'NONE', #1005, #114, #1113, .T. ) ;
#2443 = ORIENTED_EDGE ( 'NONE', *, *, #218, .F. ) ;
#2444 = ADVANCED_FACE ( 'NONE', ( #1810 ), #723, .F. ) ;
#2445 = DIRECTION ( 'NONE',  ( 0.000000000000000000, 1.000000000000000000, 0.000000000000000000 ) ) ;
#2446 = EDGE_LOOP ( 'NONE', ( #1471, #2742, #680, #163 ) ) ;
#2447 = EDGE_CURVE ( 'NONE', #540, #2299, #2179, .T. ) ;
#2448 = DIRECTION ( 'NONE',  ( 1.000000000000000000, 0.000000000000000000, 0.000000000000000000 ) ) ;
#2449 = DIRECTION ( 'NONE',  ( 0.000000000000000000, 0.000000000000000000, 1.000000000000000000 ) ) ;
#2450 = AXIS2_PLACEMENT_3D ( 'NONE', #310, #339, #325 ) ;
#2451 = DIRECTION ( 'NONE',  ( -1.000000000000000000, 0.000000000000000000, -3.491481338843133355E-15 ) ) ;
#2452 = VERTEX_POINT ( 'NONE', #1626 ) ;
#2453 = CARTESIAN_POINT ( 'NONE',  ( 6.560660171779045591, 100.0000000000000000, 5.500000000000022204 ) ) ;
#2454 = LINE ( 'NONE', #1375, #1782 ) ;
#2455 = VERTEX_POINT ( 'NONE', #79 ) ;
#2456 = VECTOR ( 'NONE', #344, 1000.000000000000000 ) ;
#2457 = AXIS2_PLACEMENT_3D ( 'NONE', #2189, #1090, #676 ) ;
#2458 = VECTOR ( 'NONE', #1136, 1000.000000000000000 ) ;
#2459 = DIRECTION ( 'NONE',  ( -0.000000000000000000, 1.000000000000000000, -0.000000000000000000 ) ) ;
#2460 = VERTEX_POINT ( 'NONE', #1013 ) ;
#2461 = CARTESIAN_POINT ( 'NONE',  ( 5.500000000000000000, 100.0000000000000000, -8.199999999999985079 ) ) ;
#2462 = CIRCLE ( 'NONE', #2094, 1.999999999999973133 ) ;
#2463 = VECTOR ( 'NONE', #153, 1000.000000000000000 ) ;
#2464 = ORIENTED_EDGE ( 'NONE', *, *, #460, .T. ) ;
#2465 = AXIS2_PLACEMENT_3D ( 'NONE', #1381, #2237, #942 ) ;
#2466 = DIRECTION ( 'NONE',  ( -1.000000000000000000, 0.000000000000000000, -2.197316402903959271E-13 ) ) ;
#2467 = DIRECTION ( 'NONE',  ( 1.047444401652940007E-14, 0.000000000000000000, -1.000000000000000000 ) ) ;
#2468 = CYLINDRICAL_SURFACE ( 'NONE', #1444, 0.2000000000000022593 ) ;
#2469 = ORIENTED_EDGE ( 'NONE', *, *, #1144, .T. ) ;
#2470 = PLANE ( 'NONE',  #1638 ) ;
#2471 = CARTESIAN_POINT ( 'NONE',  ( -3.899999999999980371, 0.000000000000000000, -2.010912703474313723 ) ) ;
#2472 = ORIENTED_EDGE ( 'NONE', *, *, #2356, .F. ) ;
#2473 = VERTEX_POINT ( 'NONE', #554 ) ;
#2474 = AXIS2_PLACEMENT_3D ( 'NONE', #1017, #2734, #2093 ) ;
#2475 = DIRECTION ( 'NONE',  ( 0.000000000000000000, 0.000000000000000000, -1.000000000000000000 ) ) ;
#2476 = ORIENTED_EDGE ( 'NONE', *, *, #756, .F. ) ;
#2477 = DIRECTION ( 'NONE',  ( -0.000000000000000000, 1.000000000000000000, -0.000000000000000000 ) ) ;
#2478 = CYLINDRICAL_SURFACE ( 'NONE', #813, 1.999999999999973133 ) ;
#2479 = AXIS2_PLACEMENT_3D ( 'NONE', #1490, #2304, #363 ) ;
#2480 = VECTOR ( 'NONE', #845, 1000.000000000000000 ) ;
#2481 = CARTESIAN_POINT ( 'NONE',  ( 9.699999999999988631, 0.000000000000000000, 3.400000000000033218 ) ) ;
#2482 = ORIENTED_EDGE ( 'NONE', *, *, #2486, .T. ) ;
#2483 = DIRECTION ( 'NONE',  ( -1.000000000000000000, 0.000000000000000000, -3.246429533292703313E-15 ) ) ;
#2484 = DIRECTION ( 'NONE',  ( 0.000000000000000000, 0.000000000000000000, -1.000000000000000000 ) ) ;
#2485 = VERTEX_POINT ( 'NONE', #2048 ) ;
#2486 = EDGE_CURVE ( 'NONE', #540, #1005, #2693, .T. ) ;
#2487 = EDGE_CURVE ( 'NONE', #1122, #1479, #335, .T. ) ;
#2488 = CARTESIAN_POINT ( 'NONE',  ( 0.000000000000000000, 0.000000000000000000, 0.000000000000000000 ) ) ;
#2489 = CARTESIAN_POINT ( 'NONE',  ( 5.500000000000000000, 0.000000000000000000, -8.199999999999985079 ) ) ;
#2490 = VERTEX_POINT ( 'NONE', #1422 ) ;
#2491 = CARTESIAN_POINT ( 'NONE',  ( -8.200000000000024158, 100.0000000000000000, -1.451601596980824398E-13 ) ) ;
#2492 = VECTOR ( 'NONE', #683, 1000.000000000000000 ) ;
#2493 = CYLINDRICAL_SURFACE ( 'NONE', #2049, 0.2000000000000013989 ) ;
#2494 = ORIENTED_EDGE ( 'NONE', *, *, #379, .T. ) ;
#2495 = DIRECTION ( 'NONE',  ( 0.000000000000000000, 0.000000000000000000, -1.000000000000000000 ) ) ;
#2496 = CARTESIAN_POINT ( 'NONE',  ( 8.200000000000013500, 0.000000000000000000, -3.099999999999971223 ) ) ;
#2497 = DIRECTION ( 'NONE',  ( -0.000000000000000000, 1.000000000000000000, 0.000000000000000000 ) ) ;
#2498 = CARTESIAN_POINT ( 'NONE',  ( 5.500000000000000000, 0.000000000000000000, 8.199999999999985079 ) ) ;
#2499 = ORIENTED_EDGE ( 'NONE', *, *, #2107, .T. ) ;
#2500 = ADVANCED_FACE ( 'NONE', ( #1612 ), #2493, .F. ) ;
#2501 = AXIS2_PLACEMENT_3D ( 'NONE', #1573, #2684, #2672 ) ;
#2502 = ADVANCED_FACE ( 'NONE', ( #2506 ), #2478, .F. ) ;
#2503 = CARTESIAN_POINT ( 'NONE',  ( -3.399999999999999467, 0.000000000000000000, -9.499999999999998224 ) ) ;
#2504 = ORIENTED_EDGE ( 'NONE', *, *, #35, .F. ) ;
#2505 = CARTESIAN_POINT ( 'NONE',  ( -5.500000000000000000, 0.000000000000000000, 8.199999999999985079 ) ) ;
#2506 = FACE_OUTER_BOUND ( 'NONE', #211, .T. ) ;
#2507 = AXIS2_PLACEMENT_3D ( 'NONE', #2680, #1098, #2449 ) ;
#2508 = ORIENTED_EDGE ( 'NONE', *, *, #311, .F. ) ;
#2509 = ADVANCED_FACE ( 'NONE', ( #788 ), #564, .F. ) ;
#2510 = CARTESIAN_POINT ( 'NONE',  ( -5.900000000000022560, 0.000000000000000000, 2.010912703474211138 ) ) ;
#2511 = ADVANCED_FACE ( 'NONE', ( #109 ), #2251, .F. ) ;
#2512 = ORIENTED_EDGE ( 'NONE', *, *, #1256, .F. ) ;
#2513 = PLANE ( 'NONE',  #59 ) ;
#2514 = ORIENTED_EDGE ( 'NONE', *, *, #2193, .T. ) ;
#2515 = DIRECTION ( 'NONE',  ( 1.000000000000000000, 0.000000000000000000, 0.000000000000000000 ) ) ;
#2516 = CARTESIAN_POINT ( 'NONE',  ( 2.010912703474272867, 100.0000000000000000, 3.900000000000001688 ) ) ;
#2517 = VECTOR ( 'NONE', #1449, 1000.000000000000000 ) ;
#2518 = CARTESIAN_POINT ( 'NONE',  ( 8.200000000000013500, 100.0000000000000000, -3.099999999999971223 ) ) ;
#2519 = CARTESIAN_POINT ( 'NONE',  ( 0.000000000000000000, 100.0000000000000000, 0.000000000000000000 ) ) ;
#2520 = ORIENTED_EDGE ( 'NONE', *, *, #2356, .T. ) ;
#2521 = FACE_OUTER_BOUND ( 'NONE', #1204, .T. ) ;
#2522 = ADVANCED_FACE ( 'NONE', ( #750 ), #737, .F. ) ;
#2523 = DIRECTION ( 'NONE',  ( 2.232231216292390983E-13, 0.000000000000000000, -1.000000000000000000 ) ) ;
#2524 = DIRECTION ( 'NONE',  ( -0.000000000000000000, 1.000000000000000000, -0.000000000000000000 ) ) ;
#2525 = VECTOR ( 'NONE', #641, 1000.000000000000000 ) ;
#2526 = CARTESIAN_POINT ( 'NONE',  ( -5.500000000000000000, 0.000000000000000000, 8.199999999999985079 ) ) ;
#2527 = ORIENTED_EDGE ( 'NONE', *, *, #631, .T. ) ;
#2528 = EDGE_CURVE ( 'NONE', #2089, #2455, #1834, .T. ) ;
#2529 = DIRECTION ( 'NONE',  ( 0.000000000000000000, 0.000000000000000000, 1.000000000000000000 ) ) ;
#2530 = CARTESIAN_POINT ( 'NONE',  ( 8.200000000000004619, 100.0000000000000000, -5.499999999999970690 ) ) ;
#2531 = ADVANCED_FACE ( 'NONE', ( #528 ), #1435, .F. ) ;
#2532 = ORIENTED_EDGE ( 'NONE', *, *, #971, .F. ) ;
#2533 = LINE ( 'NONE', #2264, #2084 ) ;
#2534 = DIRECTION ( 'NONE',  ( 1.000000000000000000, 0.000000000000000000, -7.228014483236696753E-15 ) ) ;
#2535 = DIRECTION ( 'NONE',  ( 0.000000000000000000, 0.000000000000000000, -1.000000000000000000 ) ) ;
#2536 = CIRCLE ( 'NONE', #2681, 1.999999999999973133 ) ;
#2537 = EDGE_CURVE ( 'NONE', #2081, #1211, #984, .T. ) ;
#2538 = VERTEX_POINT ( 'NONE', #1182 ) ;
#2539 = ORIENTED_EDGE ( 'NONE', *, *, #2112, .T. ) ;
#2540 = VECTOR ( 'NONE', #1634, 1000.000000000000000 ) ;
#2541 = DIRECTION ( 'NONE',  ( 1.000000000000000000, -0.000000000000000000, 0.000000000000000000 ) ) ;
#2542 = DIRECTION ( 'NONE',  ( -3.491481338843133355E-15, 0.000000000000000000, 1.000000000000000000 ) ) ;
#2543 = CIRCLE ( 'NONE', #1451, 0.2000000000000022593 ) ;
#2544 = VERTEX_POINT ( 'NONE', #2301 ) ;
#2545 = DIRECTION ( 'NONE',  ( -1.000000000000000000, -0.000000000000000000, -0.000000000000000000 ) ) ;
#2546 = CARTESIAN_POINT ( 'NONE',  ( -5.500000000000000000, 0.000000000000000000, 8.199999999999985079 ) ) ;
#2547 = AXIS2_PLACEMENT_3D ( 'NONE', #1980, #2467, #2210 ) ;
#2548 = CARTESIAN_POINT ( 'NONE',  ( 6.560660171779083782, 0.000000000000000000, -5.499999999999976907 ) ) ;
#2549 = VECTOR ( 'NONE', #2012, 1000.000000000000000 ) ;
#2550 = AXIS2_PLACEMENT_3D ( 'NONE', #1814, #2440, #455 ) ;
#2551 = CARTESIAN_POINT ( 'NONE',  ( 3.100000000000000089, 100.0000000000000000, 9.500000000000063949 ) ) ;
#2552 = ORIENTED_EDGE ( 'NONE', *, *, #1029, .T. ) ;
#2553 = ORIENTED_EDGE ( 'NONE', *, *, #122, .T. ) ;
#2554 = ADVANCED_FACE ( 'NONE', ( #1196 ), #2703, .F. ) ;
#2555 = CARTESIAN_POINT ( 'NONE',  ( 5.500000000000000000, 0.000000000000000000, -8.199999999999985079 ) ) ;
#2556 = CARTESIAN_POINT ( 'NONE',  ( -9.500000000000030198, 0.000000000000000000, -3.100000000000099121 ) ) ;
#2557 = VECTOR ( 'NONE', #1798, 1000.000000000000000 ) ;
#2558 = ORIENTED_EDGE ( 'NONE', *, *, #2215, .F. ) ;
#2559 = DIRECTION ( 'NONE',  ( -0.000000000000000000, 1.000000000000000000, 0.000000000000000000 ) ) ;
#2560 = DIRECTION ( 'NONE',  ( -0.000000000000000000, 0.000000000000000000, 1.000000000000000000 ) ) ;
#2561 = ORIENTED_EDGE ( 'NONE', *, *, #1733, .F. ) ;
#2562 = DIRECTION ( 'NONE',  ( 1.000000000000000000, 0.000000000000000000, -0.000000000000000000 ) ) ;
#2563 = CARTESIAN_POINT ( 'NONE',  ( 3.600000000000000089, 0.000000000000000000, 10.00000000000000888 ) ) ;
#2564 = CARTESIAN_POINT ( 'NONE',  ( 5.760944209091170667E-14, 100.0000000000000000, -5.500000000000000000 ) ) ;
#2565 = ADVANCED_FACE ( 'NONE', ( #2718 ), #2074, .F. ) ;
#2566 = EDGE_CURVE ( 'NONE', #2544, #154, #347, .T. ) ;
#2567 = ORIENTED_EDGE ( 'NONE', *, *, #525, .T. ) ;
#2568 = ORIENTED_EDGE ( 'NONE', *, *, #1935, .T. ) ;
#2569 = EDGE_CURVE ( 'NONE', #2291, #1211, #133, .T. ) ;
#2570 = VERTEX_POINT ( 'NONE', #1487 ) ;
#2571 = CARTESIAN_POINT ( 'NONE',  ( 2.010912703474272867, 0.000000000000000000, 3.900000000000001688 ) ) ;
#2572 = LINE ( 'NONE', #1234, #2137 ) ;
#2573 = EDGE_CURVE ( 'NONE', #740, #1111, #831, .T. ) ;
#2574 = ORIENTED_EDGE ( 'NONE', *, *, #774, .F. ) ;
#2575 = CARTESIAN_POINT ( 'NONE',  ( 9.999999999999998224, 100.0000000000000000, -8.500000000000003553 ) ) ;
#2576 = DIRECTION ( 'NONE',  ( 0.000000000000000000, 0.000000000000000000, 1.000000000000000000 ) ) ;
#2577 = ORIENTED_EDGE ( 'NONE', *, *, #1047, .F. ) ;
#2578 = DIRECTION ( 'NONE',  ( 0.000000000000000000, 0.000000000000000000, -1.000000000000000000 ) ) ;
#2579 = LINE ( 'NONE', #870, #127 ) ;
#2580 = DIRECTION ( 'NONE',  ( -1.000000000000000000, 0.000000000000000000, -1.047444401652940007E-14 ) ) ;
#2581 = CARTESIAN_POINT ( 'NONE',  ( 3.600000000000000089, 0.000000000000000000, -10.00000000000000888 ) ) ;
#2582 = VECTOR ( 'NONE', #1587, 1000.000000000000000 ) ;
#2583 = VERTEX_POINT ( 'NONE', #400 ) ;
#2584 = EDGE_CURVE ( 'NONE', #875, #274, #2761, .T. ) ;
#2585 = ORIENTED_EDGE ( 'NONE', *, *, #2794, .F. ) ;
#2586 = ADVANCED_FACE ( 'NONE', ( #2115 ), #634, .F. ) ;
#2587 = EDGE_CURVE ( 'NONE', #1413, #2638, #2590, .T. ) ;
#2588 = ORIENTED_EDGE ( 'NONE', *, *, #390, .T. ) ;
#2589 = LINE ( 'NONE', #2571, #747 ) ;
#2590 = LINE ( 'NONE', #1913, #2730 ) ;
#2591 = VERTEX_POINT ( 'NONE', #1504 ) ;
#2592 = VECTOR ( 'NONE', #1494, 1000.000000000000000 ) ;
#2593 = CARTESIAN_POINT ( 'NONE',  ( -3.100000000000000089, 0.000000000000000000, 8.200000000000002842 ) ) ;
#2594 = VECTOR ( 'NONE', #2013, 1000.000000000000000 ) ;
#2595 = ORIENTED_EDGE ( 'NONE', *, *, #553, .F. ) ;
#2596 = LINE ( 'NONE', #435, #1158 ) ;
#2597 = AXIS2_PLACEMENT_3D ( 'NONE', #1265, #951, #776 ) ;
#2598 = DIRECTION ( 'NONE',  ( 1.000000000000000000, 0.000000000000000000, 1.047444401652940007E-14 ) ) ;
#2599 = CARTESIAN_POINT ( 'NONE',  ( 3.600000000000000089, 0.000000000000000000, 9.700000000000001066 ) ) ;
#2600 = FACE_OUTER_BOUND ( 'NONE', #1761, .T. ) ;
#2601 = AXIS2_PLACEMENT_3D ( 'NONE', #1257, #2100, #1045 ) ;
#2602 = VECTOR ( 'NONE', #1781, 1000.000000000000000 ) ;
#2603 = ORIENTED_EDGE ( 'NONE', *, *, #1390, .F. ) ;
#2604 = VERTEX_POINT ( 'NONE', #1702 ) ;
#2605 = ORIENTED_EDGE ( 'NONE', *, *, #1958, .F. ) ;
#2606 = DIRECTION ( 'NONE',  ( 0.000000000000000000, 0.000000000000000000, -1.000000000000000000 ) ) ;
#2607 = CARTESIAN_POINT ( 'NONE',  ( -5.500000000000000000, 100.0000000000000000, 0.000000000000000000 ) ) ;
#2608 = VERTEX_POINT ( 'NONE', #613 ) ;
#2609 = CARTESIAN_POINT ( 'NONE',  ( 8.500000000000000000, 100.0000000000000000, -8.500000000000001776 ) ) ;
#2610 = LINE ( 'NONE', #2548, #1202 ) ;
#2611 = EDGE_CURVE ( 'NONE', #1372, #921, #1731, .T. ) ;
#2612 = PLANE ( 'NONE',  #2811 ) ;
#2613 = LINE ( 'NONE', #437, #456 ) ;
#2614 = CIRCLE ( 'NONE', #2474, 0.2000000000000022593 ) ;
#2615 = CARTESIAN_POINT ( 'NONE',  ( 5.500000000000000000, 100.0000000000000000, -6.560660171779064243 ) ) ;
#2616 = CARTESIAN_POINT ( 'NONE',  ( -9.999999999999971578, 0.000000000000000000, -3.600000000000104894 ) ) ;
#2617 = ORIENTED_EDGE ( 'NONE', *, *, #2029, .F. ) ;
#2618 = VECTOR ( 'NONE', #478, 1000.000000000000000 ) ;
#2619 = ORIENTED_EDGE ( 'NONE', *, *, #1436, .F. ) ;
#2620 = CARTESIAN_POINT ( 'NONE',  ( -3.100000000000000089, 0.000000000000000000, 9.500000000000063949 ) ) ;
#2621 = ORIENTED_EDGE ( 'NONE', *, *, #2660, .F. ) ;
#2622 = DIRECTION ( 'NONE',  ( -0.000000000000000000, 1.000000000000000000, -0.000000000000000000 ) ) ;
#2623 = ORIENTED_EDGE ( 'NONE', *, *, #1581, .T. ) ;
#2624 = EDGE_CURVE ( 'NONE', #210, #1200, #2162, .T. ) ;
#2625 = CARTESIAN_POINT ( 'NONE',  ( 8.199999999999965539, 0.000000000000000000, 5.500000000000028422 ) ) ;
#2626 = EDGE_CURVE ( 'NONE', #1251, #1034, #199, .T. ) ;
#2627 = DIRECTION ( 'NONE',  ( -0.000000000000000000, 1.000000000000000000, -0.000000000000000000 ) ) ;
#2628 = EDGE_CURVE ( 'NONE', #2089, #1683, #2572, .T. ) ;
#2629 = DIRECTION ( 'NONE',  ( -0.000000000000000000, 1.000000000000000000, -0.000000000000000000 ) ) ;
#2630 = CYLINDRICAL_SURFACE ( 'NONE', #2406, 1.499999999999999556 ) ;
#2631 = CARTESIAN_POINT ( 'NONE',  ( 3.399999999999977707, 100.0000000000000000, -9.499999999999998224 ) ) ;
#2632 = ORIENTED_EDGE ( 'NONE', *, *, #625, .F. ) ;
#2633 = ORIENTED_EDGE ( 'NONE', *, *, #1907, .F. ) ;
#2634 = EDGE_CURVE ( 'NONE', #466, #2452, #1943, .T. ) ;
#2635 = FILL_AREA_STYLE_COLOUR ( '', #811 ) ;
#2636 = VERTEX_POINT ( 'NONE', #863 ) ;
#2637 = DIRECTION ( 'NONE',  ( -0.000000000000000000, 1.000000000000000000, -0.000000000000000000 ) ) ;
#2638 = VERTEX_POINT ( 'NONE', #2352 ) ;
#2639 = ORIENTED_EDGE ( 'NONE', *, *, #1981, .T. ) ;
#2640 = PLANE ( 'NONE',  #1868 ) ;
#2641 = CARTESIAN_POINT ( 'NONE',  ( 5.500000000000000000, 100.0000000000000000, 6.560660171779064243 ) ) ;
#2642 = CIRCLE ( 'NONE', #1408, 1.499999999999999556 ) ;
#2643 = DIRECTION ( 'NONE',  ( -0.000000000000000000, 1.000000000000000000, -0.000000000000000000 ) ) ;
#2644 = FACE_OUTER_BOUND ( 'NONE', #360, .T. ) ;
#2645 = CARTESIAN_POINT ( 'NONE',  ( 8.500000000000000000, 0.000000000000000000, -8.500000000000001776 ) ) ;
#2646 = FACE_BOUND ( 'NONE', #1213, .T. ) ;
#2647 = ORIENTED_EDGE ( 'NONE', *, *, #379, .F. ) ;
#2648 = VECTOR ( 'NONE', #359, 1000.000000000000000 ) ;
#2649 = CARTESIAN_POINT ( 'NONE',  ( 8.199999999999992184, 0.000000000000000000, 3.100000000000028511 ) ) ;
#2650 = ORIENTED_EDGE ( 'NONE', *, *, #1646, .F. ) ;
#2651 = DIRECTION ( 'NONE',  ( -0.000000000000000000, 1.000000000000000000, -0.000000000000000000 ) ) ;
#2652 = AXIS2_PLACEMENT_3D ( 'NONE', #2170, #178, #193 ) ;
#2653 = EDGE_LOOP ( 'NONE', ( #50, #1986, #1516, #2190 ) ) ;
#2654 = DIRECTION ( 'NONE',  ( -0.000000000000000000, 0.000000000000000000, 1.000000000000000000 ) ) ;
#2655 = DIRECTION ( 'NONE',  ( 0.000000000000000000, 0.000000000000000000, 1.000000000000000000 ) ) ;
#2656 = CARTESIAN_POINT ( 'NONE',  ( 2.010912703474272867, 0.000000000000000000, -3.900000000000001688 ) ) ;
#2657 = CARTESIAN_POINT ( 'NONE',  ( 6.560660171779045591, 0.000000000000000000, 5.500000000000022204 ) ) ;
#2658 = DIRECTION ( 'NONE',  ( -1.000000000000000000, -0.000000000000000000, -0.000000000000000000 ) ) ;
#2659 = VECTOR ( 'NONE', #605, 1000.000000000000000 ) ;
#2660 = EDGE_CURVE ( 'NONE', #2695, #135, #2335, .T. ) ;
#2661 = ORIENTED_EDGE ( 'NONE', *, *, #1773, .T. ) ;
#2662 = ADVANCED_FACE ( 'NONE', ( #2809 ), #1715, .F. ) ;
#2663 = DIRECTION ( 'NONE',  ( -0.000000000000000000, 1.000000000000000000, -0.000000000000000000 ) ) ;
#2664 = ORIENTED_EDGE ( 'NONE', *, *, #2634, .F. ) ;
#2665 = CARTESIAN_POINT ( 'NONE',  ( 10.00000000000002132, 100.0000000000000000, -3.599999999999964562 ) ) ;
#2666 = ORIENTED_EDGE ( 'NONE', *, *, #823, .T. ) ;
#2667 = AXIS2_PLACEMENT_3D ( 'NONE', #1054, #1510, #2407 ) ;
#2668 = DIRECTION ( 'NONE',  ( -1.000000000000000000, 0.000000000000000000, -3.469446951953660732E-15 ) ) ;
#2669 = LINE ( 'NONE', #219, #2557 ) ;
#2670 = CARTESIAN_POINT ( 'NONE',  ( -3.100000000000000089, 100.0000000000000000, -9.500000000000063949 ) ) ;
#2671 = DIRECTION ( 'NONE',  ( -0.000000000000000000, 1.000000000000000000, -0.000000000000000000 ) ) ;
#2672 = DIRECTION ( 'NONE',  ( 0.000000000000000000, 0.000000000000000000, -1.000000000000000000 ) ) ;
#2673 = CARTESIAN_POINT ( 'NONE',  ( 3.247077645124114020E-14, 100.0000000000000000, -3.100000000000000089 ) ) ;
#2674 = EDGE_LOOP ( 'NONE', ( #835, #2333, #975, #2605 ) ) ;
#2675 = ORIENTED_EDGE ( 'NONE', *, *, #289, .T. ) ;
#2676 = LINE ( 'NONE', #718, #862 ) ;
#2677 = EDGE_CURVE ( 'NONE', #740, #448, #638, .T. ) ;
#2678 = ORIENTED_EDGE ( 'NONE', *, *, #593, .T. ) ;
#2679 = DIRECTION ( 'NONE',  ( 0.000000000000000000, 1.000000000000000000, 0.000000000000000000 ) ) ;
#2680 = CARTESIAN_POINT ( 'NONE',  ( -3.600000000000000089, 0.000000000000000000, -10.00000000000000888 ) ) ;
#2681 = AXIS2_PLACEMENT_3D ( 'NONE', #2694, #2239, #2655 ) ;
#2682 = FACE_OUTER_BOUND ( 'NONE', #189, .T. ) ;
#2683 = LINE ( 'NONE', #1237, #2252 ) ;
#2684 = DIRECTION ( 'NONE',  ( 0.000000000000000000, 1.000000000000000000, 0.000000000000000000 ) ) ;
#2685 = DIRECTION ( 'NONE',  ( -0.000000000000000000, 1.000000000000000000, 0.000000000000000000 ) ) ;
#2686 = ORIENTED_EDGE ( 'NONE', *, *, #2038, .T. ) ;
#2687 = ORIENTED_EDGE ( 'NONE', *, *, #1194, .F. ) ;
#2688 = CARTESIAN_POINT ( 'NONE',  ( -8.200000000000024158, 100.0000000000000000, -2.662072217300024826E-14 ) ) ;
#2689 = AXIS2_PLACEMENT_3D ( 'NONE', #1065, #188, #2765 ) ;
#2690 = ORIENTED_EDGE ( 'NONE', *, *, #2660, .T. ) ;
#2691 = CIRCLE ( 'NONE', #1455, 1.499999999999999556 ) ;
#2692 = CARTESIAN_POINT ( 'NONE',  ( 5.900000000000008349, 0.000000000000000000, -2.010912703474252439 ) ) ;
#2693 = LINE ( 'NONE', #296, #1007 ) ;
#2694 = CARTESIAN_POINT ( 'NONE',  ( -5.900000000000022560, 100.0000000000000000, 2.010912703474211138 ) ) ;
#2695 = VERTEX_POINT ( 'NONE', #1928 ) ;
#2696 = PLANE ( 'NONE',  #128 ) ;
#2697 = CARTESIAN_POINT ( 'NONE',  ( 9.999999999999998224, 100.0000000000000000, 9.999999999999998224 ) ) ;
#2698 = EDGE_CURVE ( 'NONE', #2538, #1200, #2795, .T. ) ;
#2699 = ORIENTED_EDGE ( 'NONE', *, *, #250, .F. ) ;
#2700 = DIRECTION ( 'NONE',  ( -3.736533144393563397E-15, 0.000000000000000000, -1.000000000000000000 ) ) ;
#2701 = ORIENTED_EDGE ( 'NONE', *, *, #1773, .F. ) ;
#2702 = PLANE ( 'NONE',  #2295 ) ;
#2703 = PLANE ( 'NONE',  #1866 ) ;
#2704 = AXIS2_PLACEMENT_3D ( 'NONE', #4, #2541, #2321 ) ;
#2705 = VERTEX_POINT ( 'NONE', #2530 ) ;
#2706 = DIRECTION ( 'NONE',  ( -0.000000000000000000, -1.000000000000000000, 0.000000000000000000 ) ) ;
#2707 = EDGE_LOOP ( 'NONE', ( #1945, #394, #216, #1848 ) ) ;
#2708 = EDGE_CURVE ( 'NONE', #810, #1645, #574, .T. ) ;
#2709 = LINE ( 'NONE', #2224, #2594 ) ;
#2710 = CARTESIAN_POINT ( 'NONE',  ( -4.485786437626911649, 0.000000000000000000, -3.425126265847378892 ) ) ;
#2711 = EDGE_CURVE ( 'NONE', #2591, #645, #2323, .T. ) ;
#2712 = ORIENTED_EDGE ( 'NONE', *, *, #2394, .T. ) ;
#2713 = CARTESIAN_POINT ( 'NONE',  ( -5.500000000000000000, 0.000000000000000000, -8.199999999999985079 ) ) ;
#2714 = EDGE_CURVE ( 'NONE', #466, #309, #1686, .T. ) ;
#2715 = EDGE_LOOP ( 'NONE', ( #1166, #2268, #19, #2508 ) ) ;
#2716 = CARTESIAN_POINT ( 'NONE',  ( 2.571758278209441957E-16, 0.000000000000000000, 2.100000000000000089 ) ) ;
#2717 = CIRCLE ( 'NONE', #2219, 0.2000000000000022593 ) ;
#2718 = FACE_OUTER_BOUND ( 'NONE', #411, .T. ) ;
#2719 = ORIENTED_EDGE ( 'NONE', *, *, #1334, .T. ) ;
#2720 = DIRECTION ( 'NONE',  ( 0.000000000000000000, 0.000000000000000000, 1.000000000000000000 ) ) ;
#2721 = EDGE_LOOP ( 'NONE', ( #2577, #2443, #1459, #2395 ) ) ;
#2722 = CARTESIAN_POINT ( 'NONE',  ( -9.500000000000097700, 100.0000000000000000, 3.099999999999900613 ) ) ;
#2723 = ORIENTED_EDGE ( 'NONE', *, *, #908, .F. ) ;
#2724 = AXIS2_PLACEMENT_3D ( 'NONE', #2167, #2598, #1708 ) ;
#2725 = CIRCLE ( 'NONE', #2501, 1.999999999999973133 ) ;
#2726 = LINE ( 'NONE', #2516, #1859 ) ;
#2727 = VECTOR ( 'NONE', #1622, 1000.000000000000000 ) ;
#2728 = DIRECTION ( 'NONE',  ( 0.000000000000000000, 1.000000000000000000, 0.000000000000000000 ) ) ;
#2729 = DIRECTION ( 'NONE',  ( -1.000000000000000000, 0.000000000000000000, -3.491481338843133355E-15 ) ) ;
#2730 = VECTOR ( 'NONE', #1896, 1000.000000000000000 ) ;
#2731 = ORIENTED_EDGE ( 'NONE', *, *, #1857, .T. ) ;
#2732 = LINE ( 'NONE', #780, #719 ) ;
#2733 = ORIENTED_EDGE ( 'NONE', *, *, #758, .F. ) ;
#2734 = DIRECTION ( 'NONE',  ( 0.000000000000000000, 1.000000000000000000, 0.000000000000000000 ) ) ;
#2735 = EDGE_CURVE ( 'NONE', #1301, #1466, #1470, .T. ) ;
#2736 = FACE_OUTER_BOUND ( 'NONE', #110, .T. ) ;
#2737 = EDGE_CURVE ( 'NONE', #950, #1777, #649, .T. ) ;
#2738 = ORIENTED_EDGE ( 'NONE', *, *, #1052, .T. ) ;
#2739 = VECTOR ( 'NONE', #850, 1000.000000000000000 ) ;
#2740 = DIRECTION ( 'NONE',  ( -0.000000000000000000, 1.000000000000000000, -0.000000000000000000 ) ) ;
#2741 = DIRECTION ( 'NONE',  ( -0.000000000000000000, 1.000000000000000000, 0.000000000000000000 ) ) ;
#2742 = ORIENTED_EDGE ( 'NONE', *, *, #1606, .F. ) ;
#2743 = FACE_OUTER_BOUND ( 'NONE', #168, .T. ) ;
#2744 = PLANE ( 'NONE',  #585 ) ;
#2745 = LINE ( 'NONE', #1224, #1514 ) ;
#2746 = VECTOR ( 'NONE', #2020, 1000.000000000000000 ) ;
#2747 = EDGE_CURVE ( 'NONE', #1168, #2083, #1736, .T. ) ;
#2748 = CIRCLE ( 'NONE', #2667, 0.2000000000000005107 ) ;
#2749 = ORIENTED_EDGE ( 'NONE', *, *, #421, .F. ) ;
#2750 = ORIENTED_EDGE ( 'NONE', *, *, #2241, .T. ) ;
#2751 = LINE ( 'NONE', #307, #66 ) ;
#2752 = CARTESIAN_POINT ( 'NONE',  ( -9.500000000000030198, 0.000000000000000000, -3.100000000000099121 ) ) ;
#2753 = ORIENTED_EDGE ( 'NONE', *, *, #179, .T. ) ;
#2754 = CARTESIAN_POINT ( 'NONE',  ( 3.425126265847332263, 0.000000000000000000, 4.485786437626947176 ) ) ;
#2755 = CARTESIAN_POINT ( 'NONE',  ( 0.000000000000000000, 100.0000000000000000, 0.000000000000000000 ) ) ;
#2756 = LINE ( 'NONE', #1932, #2378 ) ;
#2757 = ORIENTED_EDGE ( 'NONE', *, *, #659, .F. ) ;
#2758 = ORIENTED_EDGE ( 'NONE', *, *, #1561, .T. ) ;
#2759 = VECTOR ( 'NONE', #176, 1000.000000000000000 ) ;
#2760 = LINE ( 'NONE', #814, #376 ) ;
#2761 = LINE ( 'NONE', #815, #1416 ) ;
#2762 = MECHANICAL_DESIGN_GEOMETRIC_PRESENTATION_REPRESENTATION (  '', ( #1954 ), #1547 ) ;
#2763 = ORIENTED_EDGE ( 'NONE', *, *, #1582, .T. ) ;
#2764 = LINE ( 'NONE', #1489, #265 ) ;
#2765 = DIRECTION ( 'NONE',  ( 0.000000000000000000, 0.000000000000000000, 1.000000000000000000 ) ) ;
#2766 = ORIENTED_EDGE ( 'NONE', *, *, #2371, .F. ) ;
#2767 = CYLINDRICAL_SURFACE ( 'NONE', #1018, 1.999999999999973133 ) ;
#2768 = EDGE_CURVE ( 'NONE', #274, #575, #228, .T. ) ;
#2769 = EDGE_CURVE ( 'NONE', #729, #1474, #2397, .T. ) ;
#2770 = CARTESIAN_POINT ( 'NONE',  ( -5.926971876254110680E-14, 100.0000000000000000, -8.200000000000024158 ) ) ;
#2771 = AXIS2_PLACEMENT_3D ( 'NONE', #2692, #482, #2668 ) ;
#2772 = EDGE_CURVE ( 'NONE', #290, #1380, #2543, .T. ) ;
#2773 = DIRECTION ( 'NONE',  ( -0.000000000000000000, 1.000000000000000000, -0.000000000000000000 ) ) ;
#2774 = ORIENTED_EDGE ( 'NONE', *, *, #595, .F. ) ;
#2775 = ORIENTED_EDGE ( 'NONE', *, *, #2297, .T. ) ;
#2776 = ORIENTED_EDGE ( 'NONE', *, *, #642, .T. ) ;
#2777 = CARTESIAN_POINT ( 'NONE',  ( 3.100000000000000089, 0.000000000000000000, 9.500000000000063949 ) ) ;
#2778 = DIRECTION ( 'NONE',  ( -0.000000000000000000, 1.000000000000000000, -0.000000000000000000 ) ) ;
#2779 = AXIS2_PLACEMENT_3D ( 'NONE', #113, #1212, #532 ) ;
#2780 = ORIENTED_EDGE ( 'NONE', *, *, #487, .F. ) ;
#2781 = DIRECTION ( 'NONE',  ( -1.000000000000000000, 0.000000000000000000, -1.047444401652940007E-14 ) ) ;
#2782 = CARTESIAN_POINT ( 'NONE',  ( 5.500000000000000000, 0.000000000000000000, 8.199999999999985079 ) ) ;
#2783 = ORIENTED_EDGE ( 'NONE', *, *, #1520, .T. ) ;
#2784 = PLANE ( 'NONE',  #1879 ) ;
#2785 = CARTESIAN_POINT ( 'NONE',  ( -8.500000000000001776, 100.0000000000000000, 8.499999999999998224 ) ) ;
#2786 = EDGE_CURVE ( 'NONE', #963, #290, #2231, .T. ) ;
#2787 = DIRECTION ( 'NONE',  ( 0.000000000000000000, -1.000000000000000000, 0.000000000000000000 ) ) ;
#2788 = CARTESIAN_POINT ( 'NONE',  ( -3.100000000000000089, 100.0000000000000000, -8.200000000000002842 ) ) ;
#2789 = ADVANCED_FACE ( 'NONE', ( #257 ), #444, .F. ) ;
#2790 = VERTEX_POINT ( 'NONE', #1532 ) ;
#2791 = ORIENTED_EDGE ( 'NONE', *, *, #1254, .F. ) ;
#2792 = VERTEX_POINT ( 'NONE', #1790 ) ;
#2793 = CARTESIAN_POINT ( 'NONE',  ( 9.500000000000744294, 100.0000000000000000, -2.054281510039912424E-12 ) ) ;
#2794 = EDGE_CURVE ( 'NONE', #1716, #1079, #489, .T. ) ;
#2795 = LINE ( 'NONE', #1078, #505 ) ;
#2796 = VERTEX_POINT ( 'NONE', #462 ) ;
#2797 = LINE ( 'NONE', #1473, #2329 ) ;
#2798 = VERTEX_POINT ( 'NONE', #662 ) ;
#2799 = CARTESIAN_POINT ( 'NONE',  ( 3.770799845950584024E-14, 100.0000000000000000, -3.600000000000000089 ) ) ;
#2800 = CARTESIAN_POINT ( 'NONE',  ( 9.500000000000074607, 0.000000000000000000, -3.099999999999966782 ) ) ;
#2801 = CARTESIAN_POINT ( 'NONE',  ( 9.999999999999998224, 0.000000000000000000, 9.999999999999998224 ) ) ;
#2802 = CYLINDRICAL_SURFACE ( 'NONE', #1191, 0.2000000000000013989 ) ;
#2803 = ORIENTED_EDGE ( 'NONE', *, *, #156, .F. ) ;
#2804 = ORIENTED_EDGE ( 'NONE', *, *, #1177, .T. ) ;
#2805 = VECTOR ( 'NONE', #1811, 1000.000000000000000 ) ;
#2806 = EDGE_LOOP ( 'NONE', ( #650, #1908, #751, #1563 ) ) ;
#2807 = CARTESIAN_POINT ( 'NONE',  ( 3.425126265847351803, 0.000000000000000000, -4.485786437626927636 ) ) ;
#2808 = EDGE_CURVE ( 'NONE', #210, #923, #582, .T. ) ;
#2809 = FACE_OUTER_BOUND ( 'NONE', #2258, .T. ) ;
#2810 = ORIENTED_EDGE ( 'NONE', *, *, #1581, .F. ) ;
#2811 = AXIS2_PLACEMENT_3D ( 'NONE', #1967, #1083, #1281 ) ;
#2812 = DIRECTION ( 'NONE',  ( -0.000000000000000000, 1.000000000000000000, -0.000000000000000000 ) ) ;
#2813 = DIRECTION ( 'NONE',  ( -1.770245849976609840E-14, 0.000000000000000000, 1.000000000000000000 ) ) ;
#2814 = AXIS2_PLACEMENT_3D ( 'NONE', #89, #2475, #2072 ) ;
#2815 = DIRECTION ( 'NONE',  ( 1.000000000000000000, 0.000000000000000000, 0.000000000000000000 ) ) ;
#2816 = DIRECTION ( 'NONE',  ( 1.000000000000000000, 0.000000000000000000, 1.084202172485501594E-14 ) ) ;
#2817 = DIRECTION ( 'NONE',  ( -0.000000000000000000, 1.000000000000000000, -0.000000000000000000 ) ) ;
#2818 = DIRECTION ( 'NONE',  ( -0.7071067811864463204, 0.000000000000000000, -0.7071067811866487141 ) ) ;
#2819 = AXIS2_PLACEMENT_3D ( 'NONE', #145, #834, #2560 ) ;
#2820 = VECTOR ( 'NONE', #600, 1000.000000000000000 ) ;
#2821 = VECTOR ( 'NONE', #2818, 1000.000000000000000 ) ;
#2822 = ORIENTED_EDGE ( 'NONE', *, *, #1056, .F. ) ;
#2823 = ADVANCED_FACE ( 'NONE', ( #2430 ), #62, .F. ) ;
#2824 = VERTEX_POINT ( 'NONE', #1577 ) ;
ENDSEC;
END-ISO-10303-21;
